id_scal;scenario_key;name;var_name;carrier;region;tech;type;var_value;var_unit;source;comment
0;ALL;B-biomass-gt;capacity;biomass;B;gt;conversion;0;MW;;Green field assumption
1;ALL;BB-biomass-gt;capacity;biomass;BB;gt;conversion;0;MW;;Green field assumption
2;ALL;B-ch4-boiler_large;capacity;ch4;B;boiler_large;conversion;0;MW;;Green field assumption
3;ALL;BB-ch4-boiler_large;capacity;ch4;BB;boiler_large;conversion;0;MW;;Green field assumption
4;ALL;B-ch4-boiler_small;capacity;ch4;B;boiler_small;conversion;0;MW;;Green field assumption
5;ALL;BB-ch4-boiler_small;capacity;ch4;BB;boiler_small;conversion;0;MW;;Green field assumption
6;ALL;B-ch4-bpchp;capacity;ch4;B;bpchp;backpressure;0;MW;;Green field assumption
7;ALL;BB-ch4-bpchp;capacity;ch4;BB;bpchp;backpressure;0;MW;;Green field assumption
8;ALL;B-ch4-gt;capacity;ch4;B;gt;conversion;0;MW;;Green field assumption
9;ALL;BB-ch4-gt;capacity;ch4;BB;gt;conversion;0;MW;;Green field assumption
10;ALL;B-electricity-electrolyzer;capacity;electricity;B;electrolyzer;conversion;0;MW;;Green field assumption
11;ALL;BB-electricity-electrolyzer;capacity;electricity;BB;electrolyzer;conversion;0;MW;;Green field assumption
12;ALL;B-electricity-export;capacity;electricity;B;export;excess;0;MW;;No electricity export in B
13;ALL;BB-electricity-export;capacity;electricity;BB;export;excess;15235;MW;;Dummy data
14;ALL;B-electricity-heatpump_large;capacity;electricity;B;heatpump_large;conversion;0;MW;;Green field assumption
15;ALL;BB-electricity-heatpump_large;capacity;electricity;BB;heatpump_large;conversion;0;MW;;Green field assumption
16;ALL;B-electricity-heatpump_small;capacity;electricity;B;heatpump_small;conversion;0;MW;;Green field assumption
17;ALL;BB-electricity-heatpump_small;capacity;electricity;BB;heatpump_small;conversion;0;MW;;Green field assumption
18;ALL;B-electricity-import;capacity;electricity;B;import;shortage;0;MW;;No import export in B
19;ALL;BB-electricity-import;capacity;electricity;BB;import;shortage;15235;MW;;Dummy data
20;ALL;B-electricity-liion_battery;capacity;electricity;B;liion_battery;storage;0;MW;;Green field assumption
21;ALL;BB-electricity-liion_battery;capacity;electricity;BB;liion_battery;storage;0;MW;;Green field assumption
22;ALL;B-electricity-liion_battery;storage_capacity;electricity;B;liion_battery;storage;0;MWh;;Green field assumption
23;ALL;BB-electricity-liion_battery;storage_capacity;electricity;BB;liion_battery;storage;0;MWh;;Green field assumption
24;ALL;B-electricity-pth;capacity;electricity;B;pth;conversion;0;MW;;Green field assumption
25;ALL;BB-electricity-pth;capacity;electricity;BB;pth;conversion;0;MW;;Green field assumption
26;ALL;BB-B-electricity-transmission;from_to_capacity;electricity;BB_B;transmission;link;3000;;;Dummy data
27;ALL;BB-B-electricity-transmission;to_from_capacity;electricity;BB_B;transmission;link;3000;;;Dummy data
28;ALL;B-h2-bpchp;capacity;h2;B;bpchp;backpressure;0;MW;;Green field assumption
29;ALL;BB-h2-bpchp;capacity;h2;BB;bpchp;backpressure;0;MW;;Green field assumption
30;ALL;B-h2-cavern;capacity;h2;B;cavern;storage;0;;;Green field assumption
31;ALL;BB-h2-cavern;capacity;h2;BB;cavern;storage;0;;;Green field assumption
32;ALL;B-h2-cavern;storage_capacity;h2;B;cavern;storage;0;;;Green field assumption
33;ALL;BB-h2-cavern;storage_capacity;h2;BB;cavern;storage;0;;;Green field assumption
34;ALL;B-h2-gt;capacity;h2;B;gt;conversion;0;MW;;Green field assumption
35;ALL;BB-h2-gt;capacity;h2;BB;gt;conversion;0;MW;;Green field assumption
36;ALL;B-heat_central-storage;capacity;heat_central;B;storage;storage;0;MW;;Green field assumption
37;ALL;BB-heat_central-storage;capacity;heat_central;BB;storage;storage;0;MW;;Green field assumption
38;ALL;B-heat_central-storage;storage_capacity;heat_central;B;storage;storage;0;MWh;;Green field assumption
39;ALL;BB-heat_central-storage;storage_capacity;heat_central;BB;storage;storage;0;MWh;;Green field assumption
40;ALL;B-heat_decentral-storage;capacity;heat_decentral;B;storage;storage;0;MW;;Green field assumption
41;ALL;BB-heat_decentral-storage;capacity;heat_decentral;BB;storage;storage;0;MW;;Green field assumption
42;ALL;B-heat_decentral-storage;storage_capacity;heat_decentral;B;storage;storage;0;MWh;;Green field assumption
43;ALL;BB-heat_decentral-storage;storage_capacity;heat_decentral;BB;storage;storage;0;MWh;;Green field assumption
44;ALL;B-hydro-ror;capacity;hydro;B;ror;volatile;0;MW;;Green field assumption
45;ALL;BB-hydro-ror;capacity;hydro;BB;ror;volatile;0;MW;;Green field assumption
46;ALL;B-solar-pv;capacity;solar;B;pv;volatile;0;MW;;Green field assumption
47;ALL;BB-solar-pv;capacity;solar;BB;pv;volatile;0;MW;;Green field assumption
48;ALL;B-wind-onshore;capacity;wind;B;onshore;volatile;0;MW;;Green field assumption
49;ALL;BB-wind-onshore;capacity;wind;BB;onshore;volatile;0;MW;;Green field assumption
