id_scal;scenario_key;name;var_name;carrier;region;tech;type;var_value;var_unit;source;comment
0;2050-el_eff;;carrier_cost;biomass;ALL;gt;conversion;0;Eur/MWh;;costs of energy carriers are set to imports
1;2050-el_eff;;carrier_cost;ch4;ALL;boiler_large;conversion;0;Eur/MWh;;costs of energy carriers are set to imports
2;2050-el_eff;;carrier_cost;ch4;ALL;boiler_small;conversion;0;Eur/MWh;;costs of energy carriers are set to imports
3;2050-el_eff;;carrier_cost;ch4;ALL;bpchp;backpressure;0;Eur/MWh;;costs of energy carriers are set to imports
4;2050-el_eff;;carrier_cost;ch4;ALL;gt;conversion;0;Eur/MWh;;costs of energy carriers are set to imports
5;2050-el_eff;;carrier_cost;electricity;ALL;electrolyzer;conversion;0;Eur/MWh;;costs of energy carriers are set to imports
6;2050-el_eff;;carrier_cost;electricity;ALL;heatpump_large;conversion;0;Eur/MWh;;costs of energy carriers are set to imports
7;2050-el_eff;;carrier_cost;electricity;ALL;heatpump_small;conversion;0;Eur/MWh;;costs of energy carriers are set to imports
8;2050-el_eff;;carrier_cost;electricity;ALL;pth;conversion;0;Eur/MWh;;costs of energy carriers are set to imports
9;2050-el_eff;;carrier_cost;h2;ALL;bpchp;backpressure;0;Eur/MWh;;costs of energy carriers are set to imports
10;2050-el_eff;;carrier_cost;h2;ALL;gt;conversion;0;Eur/MWh;;costs of energy carriers are set to imports
