id_scal;scenario_key;name;var_name;carrier;region;tech;type;var_value;var_unit;source;comment
0;2050-base;;wacc;ALL;ALL;ALL;ALL;0.04;None;;own assumption
1;2050-base;;capacity_cost_overnight;ch4;ALL;boiler_large;conversion;50000;EUR/MW;DEA_elec_heat_prod, S. 326;District heating boiler, natural gas fired. per heat generation capacity.
2;2050-base;;efficiency;ch4;ALL;boiler_large;conversion;1.04;None;DEA_elec_heat_prod, S. 326;District heating boiler, natural gas fired, annual average. lower heating value. pypsa-eur: 0.9
3;2050-base;;expandable;ch4;ALL;boiler_large;conversion;TRUE;None;;
4;2050-base;;fixom_cost;ch4;ALL;boiler_large;conversion;1700;EUR/MW/a;DEA_elec_heat_prod, S. 326;District heating boiler, natural gas fired. pypsa-eur: 1%/a
5;2050-base;;lifetime;ch4;ALL;boiler_large;conversion;25;a;DEA_elec_heat_prod, S. 326;District heating boiler, natural gas fired. pypsa-eur: 22y
6;2050-base;;marginal_cost;ch4;ALL;boiler_large;conversion;1;EUR/MWh;DEA_elec_heat_prod, S. 326;District heating boiler, natural gas fired. not in pypsa-eur.
7;2050-base;;capacity_cost_overnight;ch4;ALL;boiler_small;conversion;240000;EUR/MW;DEA_heating_installations_table, sheet 202 Gas boiler, ex single;Calculated by dividing by the unit size. Not sure what the unit kW_h means. per heat production capacity.
8;2050-base;;efficiency;ch4;ALL;boiler_small;conversion;0.99;None;DEA_heating_installations_table, sheet 202 Gas boiler, ex single;Heat efficiency. pypsa-eur: 0.9
9;2050-base;;expandable;ch4;ALL;boiler_small;conversion;True;None;;
10;2050-base;;fixom_cost;ch4;ALL;boiler_small;conversion;12143;EUR/MW/a;DEA_heating_installations_table, sheet 202 Gas boiler, ex single;170 EUR/unit/y - 1 unit has 14 kW_h. pypsa-eur: 2% (would be less). Calculated by dividing by the unit size. Not sure what the unit kW_h means.
11;2050-base;;lifetime;ch4;ALL;boiler_small;conversion;20;a;DEA_heating_installations_table, sheet 202 Gas boiler, ex single;pypsa-eur: 20y
12;2050-base;;marginal_cost;ch4;ALL;boiler_small;conversion;1E-06;EUR/MWh;DEA_heating_installations_table, sheet 202 Gas boiler, ex single;Not in pypsa-eur. Small costs set to avoid hidden curtailment.
13;2050-base;;capacity_cost_overnight;ch4;ALL;bpchp;backpressure;1100000;EUR/MW;DEA_elec_heat_prod, S. 73;GT, combined cycle, back-pressure. pypsa-eur central CHP: 650 EUR/kW (decentral CHP 1400 EUR/kW el). per electric capacity.
14;2050-base;;electric_efficiency;ch4;ALL;bpchp;backpressure;0.52;None;DEA_elec_heat_prod, S. 73;GT, combined cycle, back-pressure, annual average. ISE_Wege_Anhang_2020 assumes no efficiency increase until 2050, DEA assumes 5% increase. not in pypsa-eur. ! difference with H2 bpchp
15;2050-base;;expandable;ch4;ALL;bpchp;backpressure;TRUE;;;
16;2050-base;;fixom_cost;ch4;ALL;bpchp;backpressure;26000;EUR/MW/a;DEA_elec_heat_prod, S. 73;GT, combined cycle, back-pressure. pypsa-eur central CHP: 3%/a → 19500 EUR/MW/a
17;2050-base;;lifetime;ch4;ALL;bpchp;backpressure;25;a;DEA_elec_heat_prod, S. 73;GT, combined cycle, back-pressure. Same in pypsa-eur.
18;2050-base;;marginal_cost;ch4;ALL;bpchp;backpressure;4;EUR/MWh;DEA_elec_heat_prod, S. 73;GT, combined cycle, back-pressure. not in papysa-eur.
19;2050-base;;thermal_efficiency;ch4;ALL;bpchp;backpressure;0.34;None;;Cb coefficient is 1.55 - electric_eff is 0.52 - Cb = max_pow_gen_cap/max_heat_prod_cap (S.20) - eff is equal to cap if input stream is equal → Cb = electric_eff/th_eff → th_eff = electric_eff/Cb
20;2050-base;;capacity_cost_overnight;ch4;ALL;extchp;extraction;800000;EUR/MW;DEA_elec_heat_prod, S. 72;GT, combined cycle, extraction plant. per electric capacity.
21;2050-base;;electric_efficiency;ch4;ALL;extchp;extraction;0.6;None;DEA_elec_heat_prod, S. 71;GT, combined cycle, extraction plant, annual average
22;2050-base;;fixom_cost;ch4;ALL;extchp;extraction;26000;EUR/MW/a;DEA_elec_heat_prod, S. 72;GT, combined cycle, extraction plant
23;2050-base;;lifetime;ch4;ALL;extchp;extraction;25;a;DEA_elec_heat_prod, S. 71;GT, combined cycle, extraction plant
24;2050-base;;marginal_cost;ch4;ALL;extchp;extraction;4;EUR/MWh;DEA_elec_heat_prod, S. 72;GT, combined cycle, extraction plant
25;2050-base;;capacity_cost_overnight;ch4;ALL;gt;conversion;520000;EUR/MW;DEA_elec_heat_prod, S. 64;GT, simple cycle (large), back-pressure. pypsa-eur OCGT: 400 EUR/kW. per electric capacity.
26;2050-base;;efficiency;ch4;ALL;gt;conversion;0.43;None;DEA_elec_heat_prod, S. 64;GT, simple cycle (large), back-pressure, annual average. pypsa-eur OCGT: 0.39
27;2050-base;;expandable;ch4;ALL;gt;conversion;True;None;;
28;2050-base;;fixom_cost;ch4;ALL;gt;conversion;18000;EUR/MW/a;DEA_elec_heat_prod, S. 64;GT, simple cycle (large), back-pressure. pypsa-eur OCGT: 3.75%/y → 15000 EUR/MW/a
29;2050-base;;lifetime;ch4;ALL;gt;conversion;25;a;DEA_elec_heat_prod, S. 64;GT, simple cycle (large), back-pressure. pypsa-eur OCGT: 30y
30;2050-base;;marginal_cost;ch4;ALL;gt;conversion;4;EUR/MWh;DEA_elec_heat_prod, S. 64;GT, simple cycle (large), back-pressure. pypsa-eur OCGT: 3 EUR/MWh
31;2050-base;;capacity_cost_overnight;electricity;ALL;electrolyzer;conversion;466667;EUR/MW;DEA_renewable_fuels p. 107;EUR / MW of output H2. own calculation using 350000 EUR / MW of input e.
32;2050-base;;efficiency;electricity;ALL;electrolyzer;conversion;0.75;%;DEA_renewable_fuels p. 107;according to dena Leistudie 380 - Teil B 84%. pypsa-eur: 0.8.
33;2050-base;;expandable;electricity;ALL;electrolyzer;conversion;True;None;;
34;2050-base;;fixom_cost;electricity;ALL;electrolyzer;conversion;23333.35;EUR/MW/a;DEA_renewable_fuels p. 107;5% Inv. according to dena Leitstudie 380 - Teil B only 10000 EUR/MW. stoeckl_DIW_green_hydrogen_2021 p. 18 assume an OPEX of 1.5% for 2030 which would be 10860 EUR/MW. pypsa-eur: 4%/a → 14000 EUR/MW/a
35;2050-base;;lifetime;electricity;ALL;electrolyzer;conversion;35;a;DEA_renewable_fuels p. 107;pypsa-eur: 18y
36;2050-base;;marginal_cost;electricity;ALL;electrolyzer;conversion;1E-06;EUR/MWh;;assumption. in DEA_renewable_fuels p. 107 the DEA says they did not estimate variable O&M costs, which are the costs for water and electricity. Small costs set to avoid hidden curtailment.
37;2050-base;;capacity_cost_overnight;electricity;ALL;heatpump_large;conversion;570000;EUR/MW;DEA_elec_heat_prod S. 307;compression heat pumps excess heat large (10 MW). not in pypsa-eur. per heat generation capacity.
38;2050-base;;efficiency;electricity;ALL;heatpump_large;conversion;5.5;None;DEA_elec_heat_prod S. 307;total eff. net (%) annual average
39;2050-base;;expandable;electricity;ALL;heatpump_large;conversion;True;None;;
40;2050-base;;fixom_cost;electricity;ALL;heatpump_large;conversion;2000;EUR/MW/a;DEA_elec_heat_prod S. 308;compression heat pumps excess heat large (10 MW)
41;2050-base;;lifetime;electricity;ALL;heatpump_large;conversion;25;a;DEA_elec_heat_prod S. 308;compression heat pumps excess heat large (10 MW)
42;2050-base;;marginal_cost;electricity;ALL;heatpump_large;conversion;1.7;EUR/MWh;DEA_elec_heat_prod S. 308;compression heat pumps excess heat large (10 MW)
43;2050-base;;capacity_cost_overnight;electricity;ALL;heatpump_small;conversion;1300000;EUR/MW;DEA_elec_heat_prod S. 297;compression heat pumps air source small. pypsa-eur: 1.05 MEUR/MW (th). per heat generation capacity.
44;2050-base;;expandable;electricity;ALL;heatpump_small;conversion;True;None;;
45;2050-base;;fixom_cost;electricity;ALL;heatpump_small;conversion;2000;EUR/MW/a;DEA_elec_heat_prod S. 298;DIFF compression heat pumps air source small. pypsa-eur: 3.5%/a → 36750 EUR/MW/a
46;2050-base;;lifetime;electricity;ALL;heatpump_small;conversion;25;a;DEA_elec_heat_prod S. 297;compression heat pumps air source small. pypsa-eur: 20y
47;2050-base;;marginal_cost;electricity;ALL;heatpump_small;conversion;2.7;EUR/MWh;DEA_elec_heat_prod S. 298;compression heat pumps air source small. not in pypsa-eur
48;2050-base;;capacity_cost_overnight;electricity;ALL;liion_battery;storage;60000;EUR/MW;DEA_energy_storage_table, sheet 180;capacity component for PCS. Alternative investment costs would be 80000 EUR/MW and cebulla_storage_2017 S. 181 assumes 50000 EUR/MW. pypsa-eur: 411 USD/kW. per output capacity.
49;2050-base;;efficiency;electricity;ALL;liion_battery;storage;0.92;None;DEA_energy_storage, S. 181;Liion battery, utility scale, roundtrip efficiency AC. pypsa-eur: 0.9
50;2050-base;;expandable;electricity;ALL;liion_battery;storage;True;None;;
51;2050-base;;fixom_cost;electricity;ALL;liion_battery;storage;540;EUR/MW/a;DEA_energy_storage, S. 181;DIFF Liion battery, utility scale, €2015. pypsa-eur: 3%/y → 12330 USD/MW/y
52;2050-base;;lifetime;electricity;ALL;liion_battery;storage;30;a;DEA_energy_storage, S. 181;Liion battery, utility scale. pypsa-eur: 15-20y
53;2050-base;;loss_rate;electricity;ALL;liion_battery;storage;4.167E-05;1/h;DEA_energy_storage, S. 181;Liion battery, utility scale. 0.1%/day. not in pypsa-eur.
54;2050-base;;marginal_cost;electricity;ALL;liion_battery;storage;1.6;EUR/MWh;DEA_energy_storage, S. 181;Liion battery, utility scale, €2015. not in pypsa-eur.
55;2050-base;;storage_capacity_cost_overnight;electricity;ALL;liion_battery;storage;255000;EUR/MWh;DEA_energy_storage, S. 181;Liion battery, utility scale, €2015. pypsa-eur: 192 USD/kWh. cebulla: 150 EUR/kWh
56;2050-base;;storage_fixom_cost;electricity;ALL;liion_battery;storage;1275;EUR/MWh/a;cebulla_storage_2017 S. 181;cebulla says 0.005 * total investment. For total investment I used our own assumption.
57;2050-base;;capacity_cost_overnight;electricity;ALL;pth;conversion;60000;EUR/MW;DEA_elec_heat_prod, S. 320;Electric boiler >10 MW. not in pypsa-eur. per heat generation capacity.
58;2050-base;;efficiency;electricity;ALL;pth;conversion;0.99;None;DEA_elec_heat_prod, S. 320;Electric boiler >10 MW, annual average. pypsa-eur: 0.9
59;2050-base;;expandable;electricity;ALL;pth;conversion;True;;;
60;2050-base;;fixom_cost;electricity;ALL;pth;conversion;920;EUR/MW/a;DEA_elec_heat_prod, S. 320;Electric boiler >10 MW. pypsa-eur: 2%/y (would be 1200)
61;2050-base;;lifetime;electricity;ALL;pth;conversion;20;a;DEA_elec_heat_prod, S. 320;Electric boiler >10 MW. same in pypsa-eur.
62;2050-base;;marginal_cost;electricity;ALL;pth;conversion;1;EUR/MWh;DEA_elec_heat_prod, S. 320;Electric boiler >10 MW. not in pypsa-eur.
63;2050-base;;capacity_cost_overnight;electricity;ALL;transmission;link;;EUR/MW;;Depends on power. Not relevant if not expandable.
64;2050-base;;expandable;electricity;ALL;transmission;link;FALSE;;;
65;2050-base;;fixom_cost;electricity;ALL;transmission;link;21.2;EUR/MW/km/a;DEA_energy_transport_table, sheet 111 (50/60 kV);
66;2050-base;;lifetime;electricity;ALL;transmission;link;40;a;DEA_energy_transport_table, sheet 111 (50/60 kV);
67;2050-base;BB-B-electricity-transmission;loss;electricity;BB_B;transmission;link;0.012;None;windnode (unpublished);Own assumption based on windnode (unpublished). Compared to DEA_energy_transport_table sheet 111 (50/60 kV) it’s higher (they assume 0.3%) but compared to lower voltage lines it’s lower.
68;2050-base;;capacity_cost_overnight;h2;ALL;bpchp;backpressure;1100000;EUR/MW;;Assumption: Same as for ch4 bpchp
69;2050-base;;electric_efficiency;h2;ALL;bpchp;backpressure;0.4;None;2g_wasserstoff-bhkw_nodate;Using assumption from ISE_Wege_Anhang_2020 that efficiency won’t increase until 2050.
70;2050-base;;expandable;h2;ALL;bpchp;backpressure;TRUE;;;
71;2050-base;;fixom_cost;h2;ALL;bpchp;backpressure;26000;EUR/MW/a;;Assumption: Same as for ch4 bpchp
72;2050-base;;lifetime;h2;ALL;bpchp;backpressure;25;a;DEA_elec_heat_prod, S. 64;
73;2050-base;;marginal_cost;h2;ALL;bpchp;backpressure;4;EUR/MWh;;Assumption: Same as for ch4 bpchp
74;2050-base;;thermal_efficiency;h2;ALL;bpchp;backpressure;0.42;None;2g_wasserstoff-bhkw_nodate;Using assumption from ISE_Wege_Anhang_2020 that efficiency won’t increase until 2050.
75;2050-base;;capacity_cost_overnight;h2;ALL;cavern;storage;163000;EUR/MW;ISE_Wege_Anhang_2020 Tabelle 7;Wasserstoffspeicher & -verdichter. cebulla_storage_2017 S. 181 assumed 1200000 EUR/MW. By substracting our assumptions for electrolysis and gt from that I get a negative value. per H2 capacity
76;2050-base;;efficiency;h2;ALL;cavern;storage;0.99;;DEA_energy_storage_table 151c Hydrogen Storage – Caverns;
77;2050-base;;expandable;h2;ALL;cavern;storage;TRUE;;;
78;2050-base;;fixom_cost;h2;ALL;cavern;storage;2.4E-05;EUR/MW/a;DEA_energy_storage_table 151c Hydrogen Storage – Caverns;
79;2050-base;;lifetime;h2;ALL;cavern;storage;100;a;DEA_energy_storage_table 151c Hydrogen Storage – Caverns;
80;2050-base;;loss_rate;h2;ALL;cavern;storage;0;1/h;cebulla_storage_2017;DEA_energy_storage_table 151c Hydrogen Storage – Caverns says <1%/period, schmidt_projecting_2019 says 1%/day for 2015. cebulla_storage_2017 is the source used in FlexMex.
81;2050-base;;marginal_cost;h2;ALL;cavern;storage;1.2E-05;EUR/MWh;DEA_energy_storage_table 151c Hydrogen Storage – Caverns;
82;2050-base;;storage_capacity_cost_overnight;h2;ALL;cavern;storage;1200;EUR/MWh;DEA_energy_storage_table 151c Hydrogen Storage – Caverns;
83;2050-base;;storage_fixom_cost;h2;ALL;cavern;storage;24;EUR/MWh/a;cebulla_storage_2017 combined with DEA_energy_storage_table 151c Hydrogen Storage – Caverns;cebulla_storage_2017 says 0.02 * total investment. For total investment I used our own assumption (he says 1000 Eur/MWh for storage inv costs).
84;2050-base;;capacity_cost_overnight;h2;ALL;gt;conversion;520000;EUR/MW;;Assumption: same as for ch4 gt
85;2050-base;;efficiency;h2;ALL;gt;conversion;0.4;None;ISE_Wege_Anhang_2020 Tabelle 6;BUT: in this source, ch4 gt have a lower efficiency of 0.35!
86;2050-base;;expandable;h2;ALL;gt;conversion;True;None;;
87;2050-base;;fixom_cost;h2;ALL;gt;conversion;18000;EUR/MW/a;;Assumption: same as for ch4 gt
88;2050-base;;lifetime;h2;ALL;gt;conversion;25;a;;Assumption: same as for ch4 gt
89;2050-base;;marginal_cost;h2;ALL;gt;conversion;4;EUR/MWh;;Assumption: same as for ch4 gt
90;2050-base;;capacity_cost_overnight;heat_central;ALL;storage;storage;1E-06;EUR/MW;gardian_model_2021 (without source);not in pypsa-eur. Small costs set to avoid arbitrary construction by the model.
91;2050-base;;efficiency;heat_central;ALL;storage;storage;0.98;None;DEA_energy_storage, S. 59;Large scale hot water tank, roundtrip efficiency
92;2050-base;;expandable;heat_central;ALL;storage;storage;True;None;;
93;2050-base;;fixom_cost;heat_central;ALL;storage;storage;0;EUR/MW/a;;Own assumption (based on FlexMex)
94;2050-base;;lifetime;heat_central;ALL;storage;storage;40;a;DEA_energy_storage, S. 59;Large scale hot water tank
95;2050-base;;loss_rate;heat_central;ALL;storage;storage;8.3E-05;1/h;DEA_energy_storage, S. 59;Large scale hot water tank
96;2050-base;;marginal_cost;heat_central;ALL;storage;storage;0;EUR/MWh;DEA_energy_storage, S. 59;Large scale hot water tank, €2015.
97;2050-base;;storage_capacity_cost_overnight;heat_central;ALL;storage;storage;3000;EUR/MWh;DEA_energy_storage, S. 59;Large scale hot water tank, €2015
98;2050-base;;storage_fixom_cost;heat_central;ALL;storage;storage;8.6;EUR/MWh/a;DEA_energy_storage, S. 59;Large-Scale Hot Water Tanks
99;2050-base;;capacity_cost_overnight;heat_decentral;ALL;storage;storage;1E-06;EUR/MW;gardian_model_2021 (without source);Wind node says 136 EUR/kW citing DEA_energy_storage, S. 66 (I couldn’t find that there). Small costs set to avoid arbitrary construction by the model.
100;2050-base;;efficiency;heat_decentral;ALL;storage;storage;1;None;DEA_energy_storage, S. 66;Small-Scale How Water Tanks
101;2050-base;;expandable;heat_decentral;ALL;storage;storage;True;None;;
102;2050-base;;fixom_cost;heat_decentral;ALL;storage;storage;0;EUR/MW/a;;Couldn’t find the number directly, only as %Inv./a, and capacity_cost_overnight is 0.
103;2050-base;;lifetime;heat_decentral;ALL;storage;storage;30;a;DEA_energy_storage, S. 66;Small-Scale Hot Water Tanks
104;2050-base;;loss_rate;heat_decentral;ALL;storage;storage;0.021;1/h;DEA_energy_storage, S. 66;Small-Scale Hot Water Tanks
105;2050-base;;marginal_cost;heat_decentral;ALL;storage;storage;1.2;EUR/MWh;DEA_energy_storage, S. 66;Small-Scale Hot Water Tanks
106;2050-base;;storage_capacity_cost_overnight;heat_decentral;ALL;storage;storage;410000;EUR/MWh;DEA_energy_storage, S. 66;Small-Scale Hot Water Tanks
107;2050-base;;storage_fixom_cost;heat_decentral;ALL;storage;storage;16666;EUR/MWh/a;DEA_energy_storage, S. 66;Small-Scale Hot Water Tanks. fixom is 50 EUR/tank/year with a tank having 3 kWh storage capacity → 16.67 EUR/kWh/a
108;2050-base;;capacity_cost_overnight;hydro;ALL;ror;volatile;3000000;EUR/MW;DIW_2013, S. 75;€2010. same in pypsa-eur.
109;2050-base;;efficiency;hydro;ALL;ror;volatile;0.9;None;DIW_2013, S. 79;None. same in pypsa-eur.
110;2050-base;;expandable;hydro;ALL;ror;volatile;True;None;;
111;2050-base;;fixom_cost;hydro;ALL;ror;volatile;60000;EUR/MW/a;DIW_2013, S. 78;€2010. pypsa-eur: 2%/a → same. DEA_energy_storage assumes much lower costs (6-12000 EUR/MW/a), but only for the pump part.
112;2050-base;;lifetime;hydro;ALL;ror;volatile;60;a;DIW_2013, S. 72;None. pypsa-eur: 80y
113;2050-base;;marginal_cost;hydro;ALL;ror;volatile;1E-06;EUR/MWh;DIW_2013, S. 78;€2010. not in pypsa-eur. Small costs set to avoid hidden curtailment.
114;2050-base;B-solar-pv;capacity_cost_overnight;solar;B;pv;volatile;640000;EUR/MW;DEA_elec_heat_prod_table;mixture of ground_mounted_pv (40 MW/unit) and pv_rooftop (residential) (6 kW/unit)
115;2050-base;BB-solar-pv;capacity_cost_overnight;solar;BB;pv;volatile;335000;EUR/MW;DEA_elec_heat_prod_table;mixture of ground_mounted_pv (40 MW/unit) and pv_rooftop (residential) (6 kW/unit)
116;2050-base;;expandable;solar;ALL;pv;volatile;True;None;;
117;2050-base;B-solar-pv;fixom_cost;solar;B;pv;volatile;8900;EUR/MW/a;DEA_elec_heat_prod_table;mixture of ground_mounted_pv (40 MW/unit) and pv_rooftop (residential) (6 kW/unit)
118;2050-base;BB-solar-pv;fixom_cost;solar;BB;pv;volatile;7595;EUR/MW/a;DEA_elec_heat_prod_table;mixture of ground_mounted_pv (40 MW/unit) and pv_rooftop (residential) (6 kW/unit)
119;2050-base;B-solar-pv;lifetime;solar;B;pv;volatile;40;a;DEA_elec_heat_prod, S. 268;same for both systems
120;2050-base;BB-solar-pv;lifetime;solar;BB;pv;volatile;40;a;DEA_elec_heat_prod, S. 268;same for both systems
121;2050-base;;capacity_cost_overnight;wind;ALL;onshore;volatile;960000;EUR/MW;DEA_elec_heat_prod, S. 224;Large wind turbines on  land, €2015
122;2050-base;;expandable;wind;ALL;onshore;volatile;True;None;;
123;2050-base;;fixom_cost;wind;ALL;onshore;volatile;11340;EUR/MW/a;DEA_elec_heat_prod, S. 224;Large wind turbines on  land, €2015
124;2050-base;;lifetime;wind;ALL;onshore;volatile;30;a;DEA_elec_heat_prod, S. 224;Large wind turbines on  land
125;2050-base;;marginal_cost;wind;ALL;onshore;volatile;1.22;EUR/MWh;DEA_elec_heat_prod, S. 224;Large wind turbines on  land, €2015
126;2050-high;;wacc;ALL;ALL;ALL;ALL;0.05;;;own assumption based on real WACC in frauenhofer_ise_levelized_2021, S. 12
127;2050-high;;capacity_cost_overnight;ch4;ALL;boiler_large;conversion;250000;EUR/MW;DEA_elec_heat_prod, S. 326;District heat_centraling boiler, natural gas fired
128;2050-high;;efficiency;ch4;ALL;boiler_large;conversion;1.05;None;DEA_elec_heat_prod, S. 326;District heat_centraling boiler, natural gas fired, annual average. lower heating value.
129;2050-high;;expandable;ch4;ALL;boiler_large;conversion;TRUE;;;
130;2050-high;;fixom_cost;ch4;ALL;boiler_large;conversion;2500;EUR/MW/a;DEA_elec_heat_prod, S. 326;District heat_centraling boiler, natural gas fired
131;2050-high;;lifetime;ch4;ALL;boiler_large;conversion;25;a;DEA_elec_heat_prod, S. 326;District heat_centraling boiler, natural gas fired
132;2050-high;;marginal_cost;ch4;ALL;boiler_large;conversion;2.2;EUR/MWh;DEA_elec_heat_prod, S. 326;District heat_centraling boiler, natural gas fired
133;2050-high;;capacity_cost_overnight;ch4;ALL;boiler_small;conversion;287857;EUR/MW;DEA_heating_installations_table, sheet 202 Gas boiler, ex single;Calculated by dividing by the unit size. Not sure what the unit kW_h means.
134;2050-high;;efficiency;ch4;ALL;boiler_small;conversion;1.02;None;DEA_heating_installations_table, sheet 202 Gas boiler, ex single;
135;2050-high;;expandable;ch4;ALL;boiler_small;conversion;True;;;
136;2050-high;;fixom_cost;ch4;ALL;boiler_small;conversion;14642;;DEA_heating_installations_table, sheet 202 Gas boiler, ex single;Calculated by dividing by the unit size.
137;2050-high;;lifetime;ch4;ALL;boiler_small;conversion;18;;DEA_heating_installations_table, sheet 202 Gas boiler, ex single;
138;2050-high;;marginal_cost;ch4;ALL;boiler_small;conversion;1E-06;EUR/MWh;DEA_heating_installations_table, sheet 202 Gas boiler, ex single;Small costs set to avoid hidden curtailment.
139;2050-high;;capacity_cost_overnight;ch4;ALL;bpchp;backpressure;1600000;EUR/MW;DEA_elec_heat_prod, S. 73;GT, combined cycle, back-pressure
140;2050-high;;electric_efficiency;ch4;ALL;bpchp;backpressure;0.55;None;DEA_elec_heat_prod, S. 73;
141;2050-high;;expandable;ch4;ALL;bpchp;backpressure;TRUE;;;
142;2050-high;;fixom_cost;ch4;ALL;bpchp;backpressure;30000;EUR/MW/a;DEA_elec_heat_prod, S. 73;GT, combined cycle, back-pressure
143;2050-high;;lifetime;ch4;ALL;bpchp;backpressure;30;a;;Own assumption. DEA_elec_heat_prod, S. 73 says >25a.
144;2050-high;;marginal_cost;ch4;ALL;bpchp;backpressure;7;EUR/MWh;DEA_elec_heat_prod, S. 73;GT, combined cycle, back-pressure
145;2050-high;;thermal_efficiency;ch4;ALL;bpchp;backpressure;0.32;None;;Cb coefficient is 1.7
146;2050-high;;capacity_cost_overnight;ch4;ALL;extchp;extraction;1100000;EUR/MW;DEA_elec_heat_prod, S. 72;GT, combined cycle, extraction plant
147;2050-high;;fixom_cost;ch4;ALL;extchp;extraction;30000;EUR/MW/a;DEA_elec_heat_prod, S. 72;GT, combined cycle, extraction plant
148;2050-high;;marginal_cost;ch4;ALL;extchp;extraction;7;EUR/MWh;DEA_elec_heat_prod, S. 72;GT, combined cycle, extraction plant
149;2050-high;;capacity_cost_overnight;ch4;ALL;gt;conversion;850000;EUR/MW;DEA_elec_heat_prod, S. 64;GT, simple cycle (large), back-pressure
150;2050-high;;efficiency;ch4;ALL;gt;conversion;0.42;None;DEA_elec_heat_prod, S. 64;Inconsistent with base scenario.
151;2050-high;;expandable;ch4;ALL;gt;conversion;True;;;
152;2050-high;;fixom_cost;ch4;ALL;gt;conversion;20000;EUR/MW/a;;own assumption. equal to 2015 value in DEA_elec_heat_prod, S. 64
153;2050-high;;lifetime;ch4;ALL;gt;conversion;30;;;own assumption. DEA_elec_heat_prod, S. 73 says >25a.
154;2050-high;;marginal_cost;ch4;ALL;gt;conversion;5;EUR/MWh;DEA_elec_heat_prod, S. 64;GT, simple cycle (large), back-pressure
155;2050-high;;capacity_cost_overnight;electricity;ALL;electrolyzer;conversion;875000;EUR/MW;DEA_renewable_fuels p. 107;EUR / MW of output H2. own calculation using 700000 EUR / MW of input e.
156;2050-high;;efficiency;electricity;ALL;electrolyzer;conversion;0.8;%;DEA_renewable_fuels p. 107;
157;2050-high;;expandable;electricity;ALL;electrolyzer;conversion;True;;;
158;2050-high;;fixom_cost;electricity;ALL;electrolyzer;conversion;43750;EUR/MW/a;DEA_renewable_fuels p. 107;5% Inv
159;2050-high;;lifetime;electricity;ALL;electrolyzer;conversion;35;a;DEA_renewable_fuels p. 107;
160;2050-high;;marginal_cost;electricity;ALL;electrolyzer;conversion;1E-06;EUR/MWh;;own assumption. Small costs set to avoid hidden curtailment.
161;2050-high;;capacity_cost_overnight;electricity;ALL;heatpump_large;conversion;950000;EUR/MW;DEA_elec_heat_prod S. 307;compression heat pumps excess heat large (10 MW)
162;2050-high;;efficiency;electricity;ALL;heatpump_large;conversion;5.7;None;DEA_elec_heat_prod S. 307;compression heat pumps excess heat large (10 MW)
163;2050-high;;expandable;electricity;ALL;heatpump_large;conversion;True;;;
164;2050-high;;fixom_cost;electricity;ALL;heatpump_large;conversion;5000;EUR/MW/a;DEA_elec_heat_prod S. 308;compression heat pumps excess heat large (10 MW)
165;2050-high;;lifetime;electricity;ALL;heatpump_large;conversion;40;a;DEA_elec_heat_prod S. 307;compression heat pumps excess heat large (10 MW)
166;2050-high;;marginal_cost;electricity;ALL;heatpump_large;conversion;2.7;EUR/MWh;DEA_elec_heat_prod S. 308;compression heat pumps excess heat large (10 MW)
167;2050-high;;capacity_cost_overnight;electricity;ALL;heatpump_small;conversion;1900000;EUR/MW;DEA_elec_heat_prod S. 297;compression heat pumps air source small
168;2050-high;;expandable;electricity;ALL;heatpump_small;conversion;True;;;
169;2050-high;;fixom_cost;electricity;ALL;heatpump_small;conversion;5000;EUR/MW/a;DEA_elec_heat_prod S. 298;compression heat pumps air source small
170;2050-high;;lifetime;electricity;ALL;heatpump_small;conversion;40;a;DEA_elec_heat_prod S. 297;compression heat pumps air source small
171;2050-high;;marginal_cost;electricity;ALL;heatpump_small;conversion;3.2;EUR/MWh;DEA_elec_heat_prod S. 298;compression heat pumps air source small
172;2050-high;;capacity_cost_overnight;electricity;ALL;liion_battery;storage;250000;EUR/MW;DEA_energy_storage_table, sheet 180;
173;2050-high;;efficiency;electricity;ALL;liion_battery;storage;0.94;a;DEA_energy_storage, S. 181;
174;2050-high;;expandable;electricity;ALL;liion_battery;storage;True;;;
175;2050-high;;fixom_cost;electricity;ALL;liion_battery;storage;540;EUR/MW/a;DEA_energy_storage, S. 181;Liion battery, utility scale, €2015
176;2050-high;;lifetime;electricity;ALL;liion_battery;storage;45;a;DEA_energy_storage, S. 181;
177;2050-high;;loss_rate;electricity;ALL;liion_battery;storage;6.3E-05;1/h;DEA_energy_storage, S. 181;Liion battery, utility scale. 0.15%/day.
178;2050-high;;marginal_cost;electricity;ALL;liion_battery;storage;2.5;EUR/MWh;DEA_energy_storage, S. 181;Liion battery, utility scale, €2015
179;2050-high;;storage_capacity_cost_overnight;electricity;ALL;liion_battery;storage;975000;EUR/MWh;DEA_energy_storage, S. 181;Liion battery, utility scale, €2015
180;2050-high;;storage_fixom_cost;electricity;ALL;liion_battery;storage;4875;EUR/MWh/a;cebulla_storage_2017 S. 181;0.005*inv
181;2050-high;;capacity_cost_overnight;electricity;ALL;pth;conversion;170000;EUR/MW;DEA_elec_heat_prod, S. 320;Electric boiler >10 MW
182;2050-high;;efficiency;electricity;ALL;pth;conversion;0.99;None;DEA_elec_heat_prod, S. 320;Electric boiler >10 MW
183;2050-high;;expandable;electricity;ALL;pth;conversion;True;;;
184;2050-high;;fixom_cost;electricity;ALL;pth;conversion;1000;EUR/MW/a;DEA_elec_heat_prod, S. 320;Electric boiler >10 MW
185;2050-high;;lifetime;electricity;ALL;pth;conversion;20;;;Electric boiler >10 MW
186;2050-high;;marginal_cost;electricity;ALL;pth;conversion;1;EUR/MWh;DEA_elec_heat_prod, S. 320;Electric boiler >10 MW
187;2050-high;;capacity_cost_overnight;electricity;ALL;transmission;link;1;;;
188;2050-high;;expandable;electricity;ALL;transmission;link;FALSE;;;
189;2050-high;;fixom_cost;electricity;ALL;transmission;link;22.1;EUR/MW/km/a;DEA_energy_transport_table, sheet 111 (50/60 kV);
190;2050-high;;lifetime;electricity;ALL;transmission;link;50;a;DEA_energy_transport_table, sheet 111 (50/60 kV);
191;2050-high;BB-B-electricity-transmission;loss;electricity;BB_B;transmission;link;0.02;None;;own assumption
192;2050-high;;capacity_cost_overnight;h2;ALL;bpchp;backpressure;1600000;EUR/MW;;Assumption: Same as for ch4 bpchp
193;2050-high;;electric_efficiency;h2;ALL;bpchp;backpressure;0.43;None;;Own assumption, based on efficiency difference for ch4 bpchp
194;2050-high;;expandable;h2;ALL;bpchp;backpressure;TRUE;;;
195;2050-high;;fixom_cost;h2;ALL;bpchp;backpressure;30000;EUR/MW/a;;Assumption: Same as for ch4 bpchp
196;2050-high;;lifetime;h2;ALL;bpchp;backpressure;30;a;;Assumption: Same as for ch4 bpchp
197;2050-high;;marginal_cost;h2;ALL;bpchp;backpressure;7;EUR/MWh;;Assumption: Same as for ch4 bpchp
198;2050-high;;thermal_efficiency;h2;ALL;bpchp;backpressure;0.42;None;;Own assumption, inspired by 2g_wasserstoff-bhkw_nodate
199;2050-high;;capacity_cost_overnight;h2;ALL;cavern;storage;163000;EUR/MW;;ISE_Wege_Anhang_2020 Tabelle 7 assumes no change from 2020 to 2050, so I assume equal values for base, high and low.
200;2050-high;;efficiency;h2;ALL;cavern;storage;0.99;;DEA_energy_storage_table 151c Hydrogen Storage – Caverns;
201;2050-high;;expandable;h2;ALL;cavern;storage;TRUE;;;
202;2050-high;;fixom_cost;h2;ALL;cavern;storage;2E-05;EUR/MWh;DEA_energy_storage_table 151c Hydrogen Storage – Caverns;
203;2050-high;;lifetime;h2;ALL;cavern;storage;100;a;DEA_energy_storage_table 151c Hydrogen Storage – Caverns;
204;2050-high;;loss_rate;h2;ALL;cavern;storage;0.04;1/h;schmidt_projecting_2019;corresponds to 1%/day
205;2050-high;;marginal_cost;h2;ALL;cavern;storage;1E-05;;DEA_energy_storage_table 151c Hydrogen Storage – Caverns;
206;2050-high;;storage_capacity_cost_overnight;h2;ALL;cavern;storage;1800;;DEA_energy_storage_table 151c Hydrogen Storage – Caverns;
207;2050-high;;storage_fixom_cost;h2;ALL;cavern;storage;24;EUR/MWh/a;;own assumption. 0.02 * total investment
208;2050-high;;capacity_cost_overnight;h2;ALL;gt;conversion;535000;EUR/MW;DEA_elec_heat_prod, S. 403;Open cycle gas turbine, natural gas
209;2050-high;;efficiency;h2;ALL;gt;conversion;0.43;None;;own assumption
210;2050-high;;expandable;h2;ALL;gt;conversion;True;;;
211;2050-high;;fixom_cost;h2;ALL;gt;conversion;20000;EUR/MW/a;;assumption: same as for ch4 gt
212;2050-high;;lifetime;h2;ALL;gt;conversion;30;;;Assumption: Same as for ch4 gt
213;2050-high;;marginal_cost;h2;ALL;gt;conversion;5;EUR/MWh;DEA_elec_heat_prod, S. 403;Assumption: same as for ch4 gt
214;2050-high;;capacity_cost_overnight;heat_central;ALL;storage;storage;1E-06;EUR/MW;;Small costs set to avoid arbitrary construction.
215;2050-high;;efficiency;heat_central;ALL;storage;storage;0.99;None;DEA_energy_storage, S. 59;Large-Scale Hot Water Tanks
216;2050-high;;expandable;heat_central;ALL;storage;storage;True;;;
217;2050-high;;fixom_cost;heat_central;ALL;storage;storage;33;EUR/MWh/a;DEA_energy_storage, S. 59;Large scale hot water tank, €2015
218;2050-high;;lifetime;heat_central;ALL;storage;storage;50;a;DEA_energy_storage, S. 59;Large-Scale Hot Water Tanks
219;2050-high;;loss_rate;heat_central;ALL;storage;storage;0.0001;1/h;DEA_energy_storage, S. 59;Large-Scale Hot Water Tanks. 0.24%/day.
220;2050-high;;marginal_cost;heat_central;ALL;storage;storage;0;EUR/MWh;DEA_energy_storage, S. 59;Large scale hot water tank, €2015
221;2050-high;;storage_capacity_cost_overnight;heat_central;ALL;storage;storage;8000;EUR/MWh;DEA_energy_storage, S. 59;Large scale hot water tank, €2015
222;2050-high;;storage_fixom_cost;heat_central;ALL;storage;storage;33;EUR/MWh/a;DEA_energy_storage, S. 59;Large-Scale Hot Water Tanks
223;2050-high;;capacity_cost_overnight;heat_decentral;ALL;storage;storage;1E-06;EUR/MW;;Small costs set to avoid arbitrary construction.
224;2050-high;;efficiency;heat_decentral;ALL;storage;storage;1;None;DEA_energy_storage, S. 66;Small-Scale Hot Water Tanks
225;2050-high;;expandable;heat_decentral;ALL;storage;storage;True;;;
226;2050-high;;fixom_cost;heat_decentral;ALL;storage;storage;1;;;
227;2050-high;;lifetime;heat_decentral;ALL;storage;storage;50;a;DEA_energy_storage, S. 66;Small-Scale Hot Water Tanks
228;2050-high;;loss_rate;heat_decentral;ALL;storage;storage;0.01;1/h;DEA_energy_storage, S. 66;Small-Scale Hot Water Tanks
229;2050-high;;marginal_cost;heat_decentral;ALL;storage;storage;1.2;EUR/MWh;DEA_energy_storage, S. 66;Small-Scale Hot Water Tanks
230;2050-high;;storage_capacity_cost_overnight;heat_decentral;ALL;storage;storage;130000;EUR/MWh;DEA_energy_storage, S. 66;Small-Scale Hot Water Tanks
231;2050-high;;storage_fixom_cost;heat_decentral;ALL;storage;storage;26665.6;EUR/MWh/a;DEA_energy_storage, S. 66;Small-Scale Hot Water Tanks. calculation via relation to base value.
232;2050-high;;capacity_cost_overnight;hydro;ALL;ror;volatile;4000000;EURMW;DEA_energy_storage;
233;2050-high;;expandable;hydro;ALL;ror;volatile;True;;;
234;2050-high;;fixom_cost;hydro;ALL;ror;volatile;80000;EUR/MW/a;;"own assumption; 2% inv"
235;2050-high;;lifetime;hydro;ALL;ror;volatile;80;;;own assumption based on pypsa-eur
236;2050-high;B-solar-pv;capacity_cost_overnight;solar;B;pv;volatile;849900;EUR/MW;DEA_elec_heat_prod_table;mixture of ground_mounted_pv (40 MW/unit) and pv_rooftop (residential) (6 kW/unit)
237;2050-high;BB-solar-pv;capacity_cost_overnight;solar;BB;pv;volatile;458442;EUR/MW;DEA_elec_heat_prod_table;mixture of ground_mounted_pv (40 MW/unit) and pv_rooftop (residential) (6 kW/unit)
238;2050-high;;expandable;solar;ALL;pv;volatile;True;;;
239;2050-high;B-solar-pv;fixom_cost;solar;B;pv;volatile;9900;EUR/MW/a;DEA_elec_heat_prod_table;mixture of ground_mounted_pv (40 MW/unit) and pv_rooftop (residential) (6 kW/unit)
240;2050-high;BB-solar-pv;fixom_cost;solar;BB;pv;volatile;8334;EUR/MW/a;DEA_elec_heat_prod_table;mixture of ground_mounted_pv (40 MW/unit) and pv_rooftop (residential) (6 kW/unit)
241;2050-high;B-solar-pv;lifetime;solar;B;pv;volatile;45;a;;own assumption
242;2050-high;BB-solar-pv;lifetime;solar;BB;pv;volatile;45;a;;own assumption
243;2050-high;;capacity_cost_overnight;wind;ALL;onshore;volatile;1190000;EUR/MW;DEA_elec_heat_prod, S. 224;Large wind turbines on  land, €2015
244;2050-high;;expandable;wind;ALL;onshore;volatile;True;;;
245;2050-high;;fixom_cost;wind;ALL;onshore;volatile;13608;EUR/MW/a;DEA_elec_heat_prod, S. 224;Large wind turbines on  land, €2015
246;2050-high;;lifetime;wind;ALL;onshore;volatile;40;;DEA_elec_heat_prod, S. 224;Large wind turbines on  land, €2015
247;2050-high;;marginal_cost;wind;ALL;onshore;volatile;1.46;EUR/MWh;DEA_elec_heat_prod, S. 224;Large wind turbines on  land, €2015
248;2050-low;;wacc;ALL;ALL;ALL;ALL;0.02;;;own assumption based on real WACC in frauenhofer_ise_levelized_2021, S. 12
249;2050-low;;capacity_cost_overnight;ch4;ALL;boiler_large;conversion;35000;EUR/MW;DEA_elec_heat_prod, S. 326;District heat_centraling boiler, natural gas fired
250;2050-low;;efficiency;ch4;ALL;boiler_large;conversion;0.93;;DEA_elec_heat_prod, S. 326;District heat_centraling boiler, natural gas fired, annual average. lower heating value.
251;2050-low;;expandable;ch4;ALL;boiler_large;conversion;TRUE;;;
252;2050-low;;fixom_cost;ch4;ALL;boiler_large;conversion;1000;EUR/MW/a;DEA_elec_heat_prod, S. 326;District heat_centraling boiler, natural gas fired
253;2050-low;;lifetime;ch4;ALL;boiler_large;conversion;25;a;DEA_elec_heat_prod, S. 326;District heat_centraling boiler, natural gas fired
254;2050-low;;marginal_cost;ch4;ALL;boiler_large;conversion;0.6;EUR/MWh;DEA_elec_heat_prod, S. 326;District heat_centraling boiler, natural gas fired
255;2050-low;;capacity_cost_overnight;ch4;ALL;boiler_small;conversion;203571;EUR/MW;DEA_heating_installations_table, sheet 202 Gas boiler, ex single;Calculated by dividing by the unit size. Not sure what the unit kW_h means.
256;2050-low;;efficiency;ch4;ALL;boiler_small;conversion;0.98;None;DEA_heating_installations_table, sheet 202 Gas boiler, ex single;
257;2050-low;;expandable;ch4;ALL;boiler_small;conversion;True;;;
258;2050-low;;fixom_cost;ch4;ALL;boiler_small;conversion;10357;;DEA_heating_installations_table, sheet 202 Gas boiler, ex single;Calculated by dividing by the unit size.
259;2050-low;;lifetime;ch4;ALL;boiler_small;conversion;22;;DEA_heating_installations_table, sheet 202 Gas boiler, ex single;
260;2050-low;;marginal_cost;ch4;ALL;boiler_small;conversion;1E-06;EUR/MWh;DEA_heating_installations_table, sheet 202 Gas boiler, ex single;Small costs set to avoid hidden curtailment.
261;2050-low;;capacity_cost_overnight;ch4;ALL;bpchp;backpressure;900000;EUR/MW;DEA_elec_heat_prod, S. 73;GT, combined cycle, back-pressure
262;2050-low;;electric_efficiency;ch4;ALL;bpchp;backpressure;0.42;None;DEA_elec_heat_prod, S. 73;
263;2050-low;;expandable;ch4;ALL;bpchp;backpressure;TRUE;;;
264;2050-low;;fixom_cost;ch4;ALL;bpchp;backpressure;20000;EUR/MW/a;DEA_elec_heat_prod, S. 73;GT, combined cycle, back-pressure
265;2050-low;;lifetime;ch4;ALL;bpchp;backpressure;25;a;DEA_elec_heat_prod, S. 73;
266;2050-low;;marginal_cost;ch4;ALL;bpchp;backpressure;3;EUR/MWh;DEA_elec_heat_prod, S. 73;GT, combined cycle, back-pressure
267;2050-low;;thermal_efficiency;ch4;ALL;bpchp;backpressure;0.38;None;;Cb coefficient is 1.1
268;2050-low;;capacity_cost_overnight;ch4;ALL;extchp;extraction;700000;EUR/MW;DEA_elec_heat_prod, S. 72;GT, combined cycle, extraction plant
269;2050-low;;fixom_cost;ch4;ALL;extchp;extraction;20000;EUR/MW/a;DEA_elec_heat_prod, S. 72;GT, combined cycle, extraction plant
270;2050-low;;marginal_cost;ch4;ALL;extchp;extraction;3;EUR/MWh;DEA_elec_heat_prod, S. 72;GT, combined cycle, extraction plant
271;2050-low;;capacity_cost_overnight;ch4;ALL;gt;conversion;350000;EUR/MW;DEA_elec_heat_prod, S. 64;GT, simple cycle (large), back-pressure
272;2050-low;;efficiency;ch4;ALL;gt;conversion;0.38;None;DEA_elec_heat_prod, S. 64;
273;2050-low;;expandable;ch4;ALL;gt;conversion;True;;;
274;2050-low;;fixom_cost;ch4;ALL;gt;conversion;17000;EUR/MW/a;;own assumption
275;2050-low;;lifetime;ch4;ALL;gt;conversion;25;;;Assumption: same as for ch4 gt
276;2050-low;;marginal_cost;ch4;ALL;gt;conversion;3;EUR/MWh;DEA_elec_heat_prod, S. 64;GT, simple cycle (large), back-pressure
277;2050-low;;capacity_cost_overnight;electricity;ALL;electrolyzer;conversion;285714;EUR/MW;DEA_renewable_fuels p. 107;EUR / MW of output H2. own calculation using 200000 EUR / MW of input e.
278;2050-low;;efficiency;electricity;ALL;electrolyzer;conversion;0.7;%;DEA_renewable_fuels p. 107;
279;2050-low;;expandable;electricity;ALL;electrolyzer;conversion;True;;;
280;2050-low;;fixom_cost;electricity;ALL;electrolyzer;conversion;14285.7;EUR/MW/a;DEA_renewable_fuels p. 107;5% Inv
281;2050-low;;lifetime;electricity;ALL;electrolyzer;conversion;30;a;DEA_renewable_fuels p. 107;own assumption based on brinner_technologiebereicht_2018, S.8
282;2050-low;;marginal_cost;electricity;ALL;electrolyzer;conversion;1E-06;EUR/MWh;;own assumption. Small costs set to avoid hidden curtailment.
283;2050-low;;capacity_cost_overnight;electricity;ALL;heatpump_large;conversion;480000;EUR/MW;DEA_elec_heat_prod S. 307;compression heat pumps excess heat large (10 MW)
284;2050-low;;efficiency;electricity;ALL;heatpump_large;conversion;5.1;None;DEA_elec_heat_prod S. 307;compression heat pumps excess heat large (10 MW)
285;2050-low;;expandable;electricity;ALL;heatpump_large;conversion;True;;;
286;2050-low;;fixom_cost;electricity;ALL;heatpump_large;conversion;1000;EUR/MW/a;DEA_elec_heat_prod S. 308;compression heat pumps excess heat large (10 MW)
287;2050-low;;lifetime;electricity;ALL;heatpump_large;conversion;15;a;DEA_elec_heat_prod S. 307;compression heat pumps excess heat large (10 MW)
288;2050-low;;marginal_cost;electricity;ALL;heatpump_large;conversion;1.7;EUR/MWh;DEA_elec_heat_prod S. 308;compression heat pumps excess heat large (10 MW)
289;2050-low;;capacity_cost_overnight;electricity;ALL;heatpump_small;conversion;1000000;EUR/MW;DEA_elec_heat_prod S. 297;compression heat pumps air source small
290;2050-low;;expandable;electricity;ALL;heatpump_small;conversion;True;;;
291;2050-low;;fixom_cost;electricity;ALL;heatpump_small;conversion;1000;EUR/MW/a;DEA_elec_heat_prod S. 298;compression heat pumps air source small
292;2050-low;;lifetime;electricity;ALL;heatpump_small;conversion;15;a;DEA_elec_heat_prod S. 297;compression heat pumps air source small
293;2050-low;;marginal_cost;electricity;ALL;heatpump_small;conversion;2.2;EUR/MWh;DEA_elec_heat_prod S. 298;compression heat pumps air source small
294;2050-low;;capacity_cost_overnight;electricity;ALL;liion_battery;storage;40000;EUR/MW;DEA_energy_storage_table, sheet 180;
295;2050-low;;efficiency;electricity;ALL;liion_battery;storage;0.91;;DEA_energy_storage, S. 181;
296;2050-low;;expandable;electricity;ALL;liion_battery;storage;True;;;
297;2050-low;;fixom_cost;electricity;ALL;liion_battery;storage;400;EUR/MW/a;DEA_energy_storage, S. 181;Liion battery, utility scale, €2015
298;2050-low;;lifetime;electricity;ALL;liion_battery;storage;20;a;DEA_energy_storage, S. 181;
299;2050-low;;loss_rate;electricity;ALL;liion_battery;storage;2.1E-05;1/h;DEA_energy_storage, S. 181;Liion battery, utility scale. 0.05%/day.
300;2050-low;;marginal_cost;electricity;ALL;liion_battery;storage;0.3;EUR/MWh;DEA_energy_storage, S. 181;Liion battery, utility scale, €2015
301;2050-low;;storage_capacity_cost_overnight;electricity;ALL;liion_battery;storage;166000;EUR/MWh;DEA_energy_storage, S. 181;Liion battery, utility scale, €2015
302;2050-low;;storage_fixom_cost;electricity;ALL;liion_battery;storage;830;EUR/MWh/a;cebulla_storage_2017 S. 181;0.005*inv
303;2050-low;;capacity_cost_overnight;electricity;ALL;pth;conversion;20000;EUR/MW;DEA_elec_heat_prod, S. 320;Electric boiler >10 MW
304;2050-low;;efficiency;electricity;ALL;pth;conversion;0.99;None;DEA_elec_heat_prod, S. 320;Electric boiler >10 MW
305;2050-low;;expandable;electricity;ALL;pth;conversion;True;;;
306;2050-low;;fixom_cost;electricity;ALL;pth;conversion;900;EUR/MW/a;DEA_elec_heat_prod, S. 320;Electric boiler >10 MW
307;2050-low;;lifetime;electricity;ALL;pth;conversion;20;a;DEA_elec_heat_prod, S. 320;Electric boiler >10 MW
308;2050-low;;marginal_cost;electricity;ALL;pth;conversion;0.5;EUR/MWh;DEA_elec_heat_prod, S. 320;Electric boiler >10 MW
309;2050-low;;capacity_cost_overnight;electricity;ALL;transmission;link;1;;;Depends on power. Not relevant if not expandable.
310;2050-low;;expandable;electricity;ALL;transmission;link;FALSE;;;
311;2050-low;;fixom_cost;electricity;ALL;transmission;link;20.9;EUR/MW/km/a;DEA_energy_transport_table, sheet 111 (50/60 kV);
312;2050-low;;lifetime;electricity;ALL;transmission;link;40;a;DEA_energy_transport_table, sheet 111 (50/60 kV);
313;2050-low;BB-B-electricity-transmission;loss;electricity;BB_B;transmission;link;0.005;None;;own assumption
314;2050-low;;capacity_cost_overnight;h2;ALL;bpchp;backpressure;900000;EUR/MW;;Assumption: Same as for ch4 bpchp
315;2050-low;;electric_efficiency;h2;ALL;bpchp;backpressure;0.4;None;;own assumption
316;2050-low;;expandable;h2;ALL;bpchp;backpressure;TRUE;;;
317;2050-low;;fixom_cost;h2;ALL;bpchp;backpressure;20000;EUR/MW/a;;Assumption: Same as for ch4 bpchp
318;2050-low;;lifetime;h2;ALL;bpchp;backpressure;25;a;;Assumption: Same as for ch4 bpchp
319;2050-low;;marginal_cost;h2;ALL;bpchp;backpressure;3;EUR/MW;;Assumption: Same as for ch4 bpchp
320;2050-low;;thermal_efficiency;h2;ALL;bpchp;backpressure;0.4;None;;own assumption
321;2050-low;;capacity_cost_overnight;h2;ALL;cavern;storage;163000;EUR/MW;;ISE_Wege_Anhang_2020 Tabelle 7 assumes no change from 2020 to 2050, so I assume equal values for base, high and low.
322;2050-low;;efficiency;h2;ALL;cavern;storage;0.99;;DEA_energy_storage_table 151c Hydrogen Storage – Caverns;
323;2050-low;;expandable;h2;ALL;cavern;storage;TRUE;;;
324;2050-low;;fixom_cost;h2;ALL;cavern;storage;3.6E-05;EUR/MWh;DEA_energy_storage_table 151c Hydrogen Storage – Caverns;
325;2050-low;;lifetime;h2;ALL;cavern;storage;100;a;DEA_energy_storage_table 151c Hydrogen Storage – Caverns;
326;2050-low;;loss_rate;h2;ALL;cavern;storage;0;1/h;cebulla_storage_2017;
327;2050-low;;marginal_cost;h2;ALL;cavern;storage;1.8E-05;;DEA_energy_storage_table 151c Hydrogen Storage – Caverns;
328;2050-low;;storage_capacity_cost_overnight;h2;ALL;cavern;storage;3000;;DEA_energy_storage_table 151c Hydrogen Storage – Caverns;
329;2050-low;;storage_fixom_cost;h2;ALL;cavern;storage;24;EUR/MWh/a;;own assumption. 0.02 * total investment
330;2050-low;;capacity_cost_overnight;h2;ALL;gt;conversion;288000;EUR/MW;DEA_elec_heat_prod, S. 403;Open cycle gas turbine, natural gas
331;2050-low;;efficiency;h2;ALL;gt;conversion;0.38;None;;own assumption
332;2050-low;;expandable;h2;ALL;gt;conversion;True;;;
333;2050-low;;fixom_cost;h2;ALL;gt;conversion;17000;EUR/MW/a;;assumption: same as for ch4 gt
334;2050-low;;lifetime;h2;ALL;gt;conversion;25;;;Assumption: same as for ch4 gt
335;2050-low;;marginal_cost;h2;ALL;gt;conversion;3;EUR/MWh;;Assumption: same as for ch4 gt
336;2050-low;;capacity_cost_overnight;heat_central;ALL;storage;storage;1E-06;EUR/MW;;own assumption. Small costs set to avoid arbitrary construction.
337;2050-low;;efficiency;heat_central;ALL;storage;storage;0.96;None;DEA_energy_storage, S. 59;Large-Scale Hot Water Tanks
338;2050-low;;expandable;heat_central;ALL;storage;storage;True;;;
339;2050-low;;fixom_cost;heat_central;ALL;storage;storage;5;EUR/MWh/a;DEA_energy_storage, S. 59;Large scale hot water tank, €2015
340;2050-low;;lifetime;heat_central;ALL;storage;storage;30;a;DEA_energy_storage, S. 59;Large-Scale Hot Water Tanks
341;2050-low;;loss_rate;heat_central;ALL;storage;storage;5.8E-05;1/h;DEA_energy_storage, S. 59;Large-Scale Hot Water Tanks. 0.14%/day.
342;2050-low;;marginal_cost;heat_central;ALL;storage;storage;0;EUR/MWh;DEA_energy_storage, S. 59;Large scale hot water tank, €2015
343;2050-low;;storage_capacity_cost_overnight;heat_central;ALL;storage;storage;2200;EUR/MWh;DEA_energy_storage, S. 59;Large scale hot water tank, €2015
344;2050-low;;storage_fixom_cost;heat_central;ALL;storage;storage;5;EUR/MWh/h;DEA_energy_storage, S. 59;Large-Scale Hot Water Tanks
345;2050-low;;capacity_cost_overnight;heat_decentral;ALL;storage;storage;1E-06;EUR/MW;;own assumption. Small costs set to avoid arbitrary construction.
346;2050-low;;efficiency;heat_decentral;ALL;storage;storage;1;;DEA_energy_storage, S. 66;Small-Scale Hot Water Tanks
347;2050-low;;expandable;heat_decentral;ALL;storage;storage;True;;;
348;2050-low;;fixom_cost;heat_decentral;ALL;storage;storage;0;EUR/MW/a;;own assumption
349;2050-low;;lifetime;heat_decentral;ALL;storage;storage;15;a;DEA_energy_storage, S. 66;Small-Scale Hot Water Tanks
350;2050-low;;loss_rate;heat_decentral;ALL;storage;storage;0.025;1/h;DEA_energy_storage, S. 66;Small-Scale Hot Water Tanks
351;2050-low;;marginal_cost;heat_decentral;ALL;storage;storage;0;EUR/MWh;DEA_energy_storage, S. 66;Small-Scale Hot Water Tanks
352;2050-low;;storage_capacity_cost_overnight;heat_decentral;ALL;storage;storage;510000;EUR/MWh;DEA_energy_storage, S. 66;Small-Scale Hot Water Tanks
353;2050-low;;storage_fixom_cost;heat_decentral;ALL;storage;storage;8333;EUR/MWh/a;DEA_energy_storage, S. 66;Small-Scale Hot Water Tanks. calculation via relation to base value.
354;2050-low;;capacity_cost_overnight;hydro;ALL;ror;volatile;2000000;EUR/MW;;own assumption
355;2050-low;;expandable;hydro;ALL;ror;volatile;True;;;
356;2050-low;;fixom_cost;hydro;ALL;ror;volatile;40000;EUR/MW/a;;"own assumption; 2% inv"
357;2050-low;;lifetime;hydro;ALL;ror;volatile;50;;;own assumption based on DEA_energy_storage
358;2050-low;B-solar-pv;capacity_cost_overnight;solar;B;pv;volatile;539936;EUR/MW;DEA_elec_heat_prod_table;mixture of ground_mounted_pv (40 MW/unit) and pv_rooftop (residential) (6 kW/unit)
359;2050-low;BB-solar-pv;capacity_cost_overnight;solar;BB;pv;volatile;287662;EUR/MW;DEA_elec_heat_prod_table;mixture of ground_mounted_pv (40 MW/unit) and pv_rooftop (residential) (6 kW/unit)
360;2050-low;;expandable;solar;ALL;pv;volatile;True;;;
361;2050-low;B-solar-pv;fixom_cost;solar;B;pv;volatile;8100;EUR/MW/a;DEA_elec_heat_prod_table;mixture of ground_mounted_pv (40 MW/unit) and pv_rooftop (residential) (6 kW/unit)
362;2050-low;BB-solar-pv;fixom_cost;solar;BB;pv;volatile;6795;EUR/MW/a;DEA_elec_heat_prod_table;mixture of ground_mounted_pv (40 MW/unit) and pv_rooftop (residential) (6 kW/unit)
363;2050-low;B-solar-pv;lifetime;solar;B;pv;volatile;35;a;;own assumption
364;2050-low;BB-solar-pv;lifetime;solar;BB;pv;volatile;35;a;;own assumption
365;2050-low;;capacity_cost_overnight;wind;ALL;onshore;volatile;800000;EUR/MW;DEA_elec_heat_prod, S. 224;Large wind turbines on  land, €2015
366;2050-low;;expandable;wind;ALL;onshore;volatile;True;;;
367;2050-low;;fixom_cost;wind;ALL;onshore;volatile;9072;EUR/MW/a;DEA_elec_heat_prod, S. 224;Large wind turbines on  land, €2015
368;2050-low;;lifetime;wind;ALL;onshore;volatile;25;;DEA_elec_heat_prod, S. 224;Large wind turbines on  land, €2015
369;2050-low;;marginal_cost;wind;ALL;onshore;volatile;0.97;EUR/MWh;DEA_elec_heat_prod, S. 224;Large wind turbines on  land, €2015
370;2040-base;;wacc;ALL;ALL;ALL;ALL;0.04;None;;own assumption (same as 2050)
371;2040-base;;capacity_cost_overnight;ch4;ALL;boiler_large;conversion;50000;EUR/MW;DEA_elec_heat_prod, S. 326;District heating boiler, natural gas fired.
372;2040-base;;efficiency;ch4;ALL;boiler_large;conversion;1.04;None;DEA_elec_heat_prod, S. 326;District heating boiler, natural gas fired.
373;2040-base;;expandable;ch4;ALL;boiler_large;conversion;TRUE;None;;
374;2040-base;;fixom_cost;ch4;ALL;boiler_large;conversion;1800;EUR/MW/a;DEA_elec_heat_prod, S. 326;District heating boiler, natural gas fired. Middle between 2030 and 2050 values.
375;2040-base;;lifetime;ch4;ALL;boiler_large;conversion;25;a;DEA_elec_heat_prod, S. 326;District heating boiler, natural gas fired.
376;2040-base;;marginal_cost;ch4;ALL;boiler_large;conversion;1;EUR/MWh;DEA_elec_heat_prod, S. 326;District heating boiler, natural gas fired.
377;2040-base;;capacity_cost_overnight;ch4;ALL;boiler_small;conversion;252143;EUR/MW;DEA_heating_installations_table, sheet 202 Gas boiler, ex single;Calculated by dividing by the unit size. Not sure what the unit kW_h means.
378;2040-base;;efficiency;ch4;ALL;boiler_small;conversion;0.99;None;DEA_heating_installations_table, sheet 202 Gas boiler, ex single;
379;2040-base;;expandable;ch4;ALL;boiler_small;conversion;TRUE;None;;
380;2040-base;;fixom_cost;ch4;ALL;boiler_small;conversion;12643;EUR/MW/a;DEA_heating_installations_table, sheet 202 Gas boiler, ex single;Calculated by dividing by the unit size. Not sure what the unit kW_h means.
381;2040-base;;lifetime;ch4;ALL;boiler_small;conversion;20;a;DEA_heating_installations_table, sheet 202 Gas boiler, ex single;
382;2040-base;;marginal_cost;ch4;ALL;boiler_small;conversion;1E-06;EUR/MWh;DEA_heating_installations_table, sheet 202 Gas boiler, ex single;Small costs set to avoid hidden curtailment.
383;2040-base;;capacity_cost_overnight;ch4;ALL;bpchp;backpressure;1150000;EUR/MW;DEA_elec_heat_prod, S. 73;middle between 2030 and 2050
384;2040-base;;electric_efficiency;ch4;ALL;bpchp;backpressure;0.51;None;DEA_elec_heat_prod, S. 73;middle between 2030 and 2050
385;2040-base;;expandable;ch4;ALL;bpchp;backpressure;TRUE;;;
386;2040-base;;fixom_cost;ch4;ALL;bpchp;backpressure;26900;EUR/MW/a;DEA_elec_heat_prod, S. 73;middle between 2030 and 2050
387;2040-base;;lifetime;ch4;ALL;bpchp;backpressure;25;a;DEA_elec_heat_prod, S. 73;
388;2040-base;;marginal_cost;ch4;ALL;bpchp;backpressure;4.1;EUR/MWh;DEA_elec_heat_prod, S. 73;middle between 2030 and 2050
389;2040-base;;thermal_efficiency;ch4;ALL;bpchp;backpressure;0.35;None;;Cb coefficient is 1.475 (middle)  electric_eff is 0.51. th_eff = electric_eff/Cb.
390;2040-base;;capacity_cost_overnight;ch4;ALL;extchp;extraction;815000;EUR/MW;DEA_elec_heat_prod, S. 72;"GT, combined cycle, extraction plant; middle between 2030 and 2050"
391;2040-base;;electric_efficiency;ch4;ALL;extchp;extraction;0.59;None;DEA_elec_heat_prod, S. 71;"GT, combined cycle, extraction plant, annual average; middle between 2030 and 2050"
392;2040-base;;fixom_cost;ch4;ALL;extchp;extraction;26900;EUR/MW/a;DEA_elec_heat_prod, S. 72;"GT, combined cycle, extraction plant; middle between 2030 and 2050"
393;2040-base;;lifetime;ch4;ALL;extchp;extraction;25;a;DEA_elec_heat_prod, S. 72;GT, combined cycle, extraction plant
394;2040-base;;marginal_cost;ch4;ALL;extchp;extraction;4.1;EUR/MWh;DEA_elec_heat_prod, S. 72;"GT, combined cycle, extraction plant; middle between 2030 and 2050"
395;2040-base;;capacity_cost_overnight;ch4;ALL;gt;conversion;540000;EUR/MW;DEA_elec_heat_prod, S. 64;Middle between 2030 and 2050.
396;2040-base;;efficiency;ch4;ALL;gt;conversion;0.42;None;DEA_elec_heat_prod, S. 64;Middle between 2030 and 2050.
397;2040-base;;expandable;ch4;ALL;gt;conversion;TRUE;None;;
398;2040-base;;fixom_cost;ch4;ALL;gt;conversion;18300;EUR/MW/a;DEA_elec_heat_prod, S. 64;Middle between 2030 and 2050.
399;2040-base;;lifetime;ch4;ALL;gt;conversion;25;a;DEA_elec_heat_prod, S. 64;
400;2040-base;;marginal_cost;ch4;ALL;gt;conversion;4.1;EUR/MWh;DEA_elec_heat_prod, S. 64;Middle between 2030 and 2050.
401;2040-base;;capacity_cost_overnight;electricity;ALL;electrolyzer;conversion;629371;EUR/MW;DEA_renewable_fuels p. 107;EUR / MW of output H2. own calculation using 450000 EUR / MW of input e.
402;2040-base;;efficiency;electricity;ALL;electrolyzer;conversion;0.715;%;DEA_renewable_fuels p. 107;
403;2040-base;;expandable;electricity;ALL;electrolyzer;conversion;TRUE;None;;
404;2040-base;;fixom_cost;electricity;ALL;electrolyzer;conversion;31468.55;EUR/MW/a;DEA_renewable_fuels p. 107;5% Inv
405;2040-base;;lifetime;electricity;ALL;electrolyzer;conversion;32;a;DEA_renewable_fuels p. 107;
406;2040-base;;marginal_cost;electricity;ALL;electrolyzer;conversion;1E-06;EUR/MWh;;own assumption. Small costs set to avoid hidden curtailment.
407;2040-base;;capacity_cost_overnight;electricity;ALL;heatpump_large;conversion;570000;EUR/MW;DEA_elec_heat_prod S. 307;compression heat pumps excess heat large (10 MW).
408;2040-base;;efficiency;electricity;ALL;heatpump_large;conversion;540;%;DEA_elec_heat_prod S. 307;total eff. net (%) annual average
409;2040-base;;expandable;electricity;ALL;heatpump_large;conversion;TRUE;None;;
410;2040-base;;fixom_cost;electricity;ALL;heatpump_large;conversion;2000;EUR/MW/a;DEA_elec_heat_prod S. 308;compression heat pumps excess heat large (10 MW)
411;2040-base;;lifetime;electricity;ALL;heatpump_large;conversion;25;a;DEA_elec_heat_prod S. 308;compression heat pumps excess heat large (10 MW)
412;2040-base;;marginal_cost;electricity;ALL;heatpump_large;conversion;2.1;EUR/MWh;DEA_elec_heat_prod S. 308;compression heat pumps excess heat large (10 MW)
413;2040-base;;capacity_cost_overnight;electricity;ALL;heatpump_small;conversion;1300000;EUR/MW;DEA_elec_heat_prod S. 297;compression heat pumps air source small.
414;2040-base;;expandable;electricity;ALL;heatpump_small;conversion;TRUE;None;;
415;2040-base;;fixom_cost;electricity;ALL;heatpump_small;conversion;2000;EUR/MW/a;DEA_elec_heat_prod S. 298;compression heat pumps air source small.
416;2040-base;;lifetime;electricity;ALL;heatpump_small;conversion;25;a;DEA_elec_heat_prod S. 297;compression heat pumps air source small.
417;2040-base;;marginal_cost;electricity;ALL;heatpump_small;conversion;2.7;EUR/MWh;DEA_elec_heat_prod S. 298;compression heat pumps air source small.
418;2040-base;;capacity_cost_overnight;electricity;ALL;liion_battery;storage;100000;EUR/MW;DEA_energy_storage_table, sheet 180;capacity component for PCS
419;2040-base;;efficiency;electricity;ALL;liion_battery;storage;0.92;None;DEA_energy_storage, S. 181;Liion battery, utility scale, roundtrip efficiency AC.
420;2040-base;;expandable;electricity;ALL;liion_battery;storage;TRUE;None;;
421;2040-base;;fixom_cost;electricity;ALL;liion_battery;storage;540;EUR/MW/a;DEA_energy_storage, S. 181;Liion battery, utility scale.
422;2040-base;;lifetime;electricity;ALL;liion_battery;storage;30;a;DEA_energy_storage, S. 181;Liion battery, utility scale.
423;2040-base;;loss_rate;electricity;ALL;liion_battery;storage;0.04167;1/h;DEA_energy_storage, S. 181;Liion battery, utility scale.
424;2040-base;;marginal_cost;electricity;ALL;liion_battery;storage;1.7;EUR/MWh;DEA_energy_storage, S. 181;Liion battery, utility scale.
425;2040-base;;storage_capacity_cost_overnight;electricity;ALL;liion_battery;storage;394000;EUR/MWh;DEA_energy_storage, S. 181;Liion battery, utility scale.
426;2040-base;;storage_fixom_cost;electricity;ALL;liion_battery;storage;1970;EUR/MWh/a;cebulla_storage_2017 S. 181;cebulla_storage_2017 says 0.005 * total investment. For total investment I used our own assumption.
427;2040-base;;capacity_cost_overnight;electricity;ALL;pth;conversion;60000;EUR/MW;DEA_elec_heat_prod, S. 320;Electric boiler >10 MW.
428;2040-base;;efficiency;electricity;ALL;pth;conversion;0.99;None;DEA_elec_heat_prod, S. 320;Electric boiler >10 MW.
429;2040-base;;expandable;electricity;ALL;pth;conversion;TRUE;None;;
430;2040-base;;fixom_cost;electricity;ALL;pth;conversion;970;EUR/MW/a;DEA_elec_heat_prod, S. 320;middle between 2030 and 2050
431;2040-base;;lifetime;electricity;ALL;pth;conversion;20;a;DEA_elec_heat_prod, S. 320;Electric boiler >10 MW.
432;2040-base;;marginal_cost;electricity;ALL;pth;conversion;1;EUR/MWh;DEA_elec_heat_prod, S. 320;Electric boiler >10 MW.
433;2040-base;;capacity_cost_overnight;electricity;ALL;transmission;link;;EUR/MW;;Depends on power. Not relevant if not expandable.
434;2040-base;;expandable;electricity;ALL;transmission;link;FALSE;;;
435;2040-base;;fixom_cost;electricity;ALL;transmission;link;21.35;EUR/MW/km/a;DEA_energy_transport_table, sheet 111 (50/60 kV);middle between 2030 and 2050
436;2040-base;;lifetime;electricity;ALL;transmission;link;40;a;DEA_energy_transport_table, sheet 111 (50/60 kV);
437;2040-base;BB-B-electricity-transmission;loss;electricity;BB_B;transmission;link;0.012;None;windnode (unpublished);
438;2040-base;;capacity_cost_overnight;h2;ALL;bpchp;backpressure;1150000;EUR/MW;;Assumption: Same as for ch4 bpchp
439;2040-base;;electric_efficiency;h2;ALL;bpchp;backpressure;0.4;None;2g_wasserstoff-bhkw_nodate;same as for 2050
440;2040-base;;expandable;h2;ALL;bpchp;backpressure;TRUE;;;
441;2040-base;;fixom_cost;h2;ALL;bpchp;backpressure;26900;EUR/MW/a;;Assumption: Same as for ch4 bpchp
442;2040-base;;lifetime;h2;ALL;bpchp;backpressure;25;a;;
443;2040-base;;marginal_cost;h2;ALL;bpchp;backpressure;4.1;EUR/MWh;;Assumption: Same as for ch4 bpchp
444;2040-base;;thermal_efficiency;h2;ALL;bpchp;backpressure;0.42;None;2g_wasserstoff-bhkw_nodate;same as for 2050
445;2040-base;;capacity_cost_overnight;h2;ALL;cavern;storage;163000;EUR/MW;ISE_Wege_Anhang_2020 Tabelle 7;Wasserstoffspeicher & -verdichter. unit EUR/kW_H2.
446;2040-base;;efficiency;h2;ALL;cavern;storage;0.99;;DEA_energy_storage_table 151c Hydrogen Storage – Caverns;
447;2040-base;;expandable;h2;ALL;cavern;storage;TRUE;;;
448;2040-base;;fixom_cost;h2;ALL;cavern;storage;3E-05;EUR/MW/a;DEA_energy_storage_table 151c Hydrogen Storage – Caverns;
449;2040-base;;lifetime;h2;ALL;cavern;storage;100;a;DEA_energy_storage_table 151c Hydrogen Storage – Caverns;
450;2040-base;;loss_rate;h2;ALL;cavern;storage;0;;;Assumption: same as 2050.
451;2040-base;;marginal_cost;h2;ALL;cavern;storage;1.5E-05;EUR/MWh;DEA_energy_storage_table 151c Hydrogen Storage – Caverns;
452;2040-base;;storage_capacity_cost_overnight;h2;ALL;cavern;storage;1500;EUR/MWh;DEA_energy_storage_table 151c Hydrogen Storage – Caverns;
453;2040-base;;storage_fixom_cost;h2;ALL;cavern;storage;30;EUR/MWh/a;cebulla_storage_2017 combined with DEA_energy_storage_table 151c Hydrogen Storage – Caverns;cebulla_storage_2017 says 0.02 * total investment. For total investment I used our own assumption.
454;2040-base;;capacity_cost_overnight;h2;ALL;gt;conversion;540000;EUR/MW;;Assumption: same as for ch4 gt
455;2040-base;;efficiency;h2;ALL;gt;conversion;0.4;None;;Assumption: No change over time (following ISE_Wege_Anhang)
456;2040-base;;expandable;h2;ALL;gt;conversion;TRUE;None;;
457;2040-base;;fixom_cost;h2;ALL;gt;conversion;18300;EUR/MW/a;;Assumption: same as for ch4 gt
458;2040-base;;lifetime;h2;ALL;gt;conversion;25;a;;
459;2040-base;;marginal_cost;h2;ALL;gt;conversion;4.1;EUR/MWh;;Assumption: same as for ch4 gt
460;2040-base;;capacity_cost_overnight;heat_central;ALL;storage;storage;1E-06;EUR/MW;;assumption: same as 2050
461;2040-base;;efficiency;heat_central;ALL;storage;storage;0.98;None;DEA_energy_storage, S. 59;
462;2040-base;;expandable;heat_central;ALL;storage;storage;TRUE;None;;assumption: same as 2050
463;2040-base;;fixom_cost;heat_central;ALL;storage;storage;0;EUR/MW/a;;
464;2040-base;;lifetime;heat_central;ALL;storage;storage;40;a;DEA_energy_storage, S. 59;
465;2040-base;;loss_rate;heat_central;ALL;storage;storage;8.3E-05;1/h;DEA_energy_storage, S. 59;
466;2040-base;;marginal_cost;heat_central;ALL;storage;storage;0;EUR/MWh;DEA_energy_storage, S. 59;
467;2040-base;;storage_capacity_cost_overnight;heat_central;ALL;storage;storage;3000;EUR/MWh;DEA_energy_storage, S. 59;
468;2040-base;;storage_fixom_cost;heat_central;ALL;storage;storage;8.6;EUR/MWh/a;DEA_energy_storage, S. 59;
469;2040-base;;capacity_cost_overnight;heat_decentral;ALL;storage;storage;1E-06;EUR/MW;gardian_model_2021 (without source);assumption: same as 2050
470;2040-base;;efficiency;heat_decentral;ALL;storage;storage;1;None;DEA_energy_storage, S. 66;
471;2040-base;;expandable;heat_decentral;ALL;storage;storage;TRUE;None;;
472;2040-base;;fixom_cost;heat_decentral;ALL;storage;storage;0;EUR/MW/a;;assumption: same as 2050
473;2040-base;;lifetime;heat_decentral;ALL;storage;storage;30;a;DEA_energy_storage, S. 66;Small-Scale Hot Water Tanks
474;2040-base;;loss_rate;heat_decentral;ALL;storage;storage;0.021;1/h;DEA_energy_storage, S. 66;Small-Scale Hot Water Tanks
475;2040-base;;marginal_cost;heat_decentral;ALL;storage;storage;1.2;EUR/MWh;DEA_energy_storage, S. 66;Small-Scale Hot Water Tanks
476;2040-base;;storage_capacity_cost_overnight;heat_decentral;ALL;storage;storage;410000;EUR/MWh;DEA_energy_storage, S. 66;Small-Scale Hot Water Tanks
477;2040-base;;storage_fixom_cost;heat_decentral;ALL;storage;storage;16666;EUR/MWh/a;DEA_energy_storage, S. 66;Small-Scale Hot Water Tanks. fixom is 50 EUR/tank/year with a tank having 3 kWh storage capacity → 16.67 EUR/kWh/a
478;2040-base;;capacity_cost_overnight;hydro;ALL;ror;volatile;3000000;EUR/MW;DIW_2013, S. 75;
479;2040-base;;efficiency;hydro;ALL;ror;volatile;0.9;None;DIW_2013, S. 79;
480;2040-base;;expandable;hydro;ALL;ror;volatile;TRUE;None;;
481;2040-base;;fixom_cost;hydro;ALL;ror;volatile;60000;EUR/MW/a;DIW_2013, S. 78;no distinction between target years, but capital costs don’t change so the assumption is reasonable.
482;2040-base;;lifetime;hydro;ALL;ror;volatile;60;a;DIW_2013, S. 72;
483;2040-base;;marginal_cost;hydro;ALL;ror;volatile;1E-06;EUR/MWh;DIW_2013, S. 78;Small costs set to avoid hidden curtailment.
484;2040-base;B-solar-pv;capacity_cost_overnight;solar;B;pv;volatile;700000;EUR/MW;DEA_elec_heat_prod_table;mixture of ground_mounted_pv (40 MW/unit) and pv_rooftop (residential) (6 kW/unit)
485;2040-base;BB-solar-pv;capacity_cost_overnight;solar;BB;pv;volatile;369000;EUR/MW;DEA_elec_heat_prod_table;mixture of ground_mounted_pv (40 MW/unit) and pv_rooftop (residential) (6 kW/unit)
486;2040-base;;expandable;solar;ALL;pv;volatile;TRUE;None;;
487;2040-base;B-solar-pv;fixom_cost;solar;B;pv;volatile;9600;EUR/MW/a;DEA_elec_heat_prod_table;mixture of ground_mounted_pv (40 MW/unit) and pv_rooftop (residential) (6 kW/unit)
488;2040-base;BB-solar-pv;fixom_cost;solar;BB;pv;volatile;8295;EUR/MW/a;DEA_elec_heat_prod_table;mixture of ground_mounted_pv (40 MW/unit) and pv_rooftop (residential) (6 kW/unit)
489;2040-base;B-solar-pv;lifetime;solar;B;pv;volatile;40;a;DEA_elec_heat_prod_table;same for both systems
490;2040-base;BB-solar-pv;lifetime;solar;BB;pv;volatile;40;a;DEA_elec_heat_prod_table;same for both systems
491;2040-base;;capacity_cost_overnight;wind;ALL;onshore;volatile;980000;EUR/MW;DEA_elec_heat_prod, S. 224;Large wind turbines on  land, €2015
492;2040-base;;expandable;wind;ALL;onshore;volatile;TRUE;None;;
493;2040-base;;fixom_cost;wind;ALL;onshore;volatile;11592;EUR/MW/a;DEA_elec_heat_prod, S. 224;Large wind turbines on  land, €2015
494;2040-base;;lifetime;wind;ALL;onshore;volatile;30;a;DEA_elec_heat_prod, S. 224;Large wind turbines on  land
495;2040-base;;marginal_cost;wind;ALL;onshore;volatile;1.24;EUR/MWh;DEA_elec_heat_prod, S. 224;Large wind turbines on  land, €2015
496;ALL;;input_parameters;heat_central;ALL;storage;storage;"{""variable_costs"": 1E-7}";-;own assumption, prevent hidden curtailment;
497;ALL;;input_parameters;heat_decentral;ALL;storage;storage;"{""variable_costs"": 1E-7}";-;own assumption, prevent hidden curtailment;
498;ALL;;input_parameters;electricity;ALL;liion_battery;storage;"{""variable_costs"": 1E-7}";-;own assumption, prevent hidden curtailment;
499;ALL;;input_parameters;h2;ALL;cavern;storage;"{""variable_costs"": 1E-7}";-;own assumption, prevent hidden curtailment;
