id_scal;scenario_key;name;var_name;carrier;region;tech;type;var_value;var_unit;source;comment
0;2040-el_eff;B-ch4-demand;amount;ch4;B;demand;load;344561;MWh/a;hirschl_berlin_2021 buttermann_anwendungsbilanzen_2020;SN
1;2040-el_eff;BB-ch4-demand;amount;ch4;BB;demand;load;12116691;MWh/a;Prognos_Energiestrategie_BB_2040 buttermann_anwendungsbilanzen_2020 hirschl_berlin_2021  brugger_langfristszenarien_2021 tobias_fleiter_langfristszenarien_2021 krail_langfristszenarien_2021;SN
2;2040-el_eff;B-electricity-bev_charging;amount;electricity;B;bev_charging;load;2864722;MWh/a;hirschl_berlin_2021;SN
3;2040-el_eff;BB-electricity-bev_charging;amount;electricity;BB;bev_charging;load;7031450;MWh/a;Prognos_Energiestrategie_BB_2040 krail_langfristszenarien_2021;SN
4;2040-el_eff;B-electricity-demand;amount;electricity;B;demand;load;8416814;MWh/a;hirschl_berlin_2021 buttermann_anwendungsbilanzen_2020;SN
5;2040-el_eff;BB-electricity-demand;amount;electricity;BB;demand;load;15820392;MWh/a;Prognos_Energiestrategie_BB_2040 buttermann_anwendungsbilanzen_2020 brugger_langfristszenarien_2021 tobias_fleiter_langfristszenarien_2021;SN
6;2040-el_eff;B-h2-demand;amount;h2;B;demand;load;2313681;MWh/a;hirschl_berlin_2021 buttermann_anwendungsbilanzen_2020;SN
7;2040-el_eff;BB-h2-demand;amount;h2;BB;demand;load;2711947;MWh/a;Prognos_Energiestrategie_BB_2040 buttermann_anwendungsbilanzen_2020 hirschl_berlin_2021  brugger_langfristszenarien_2021 tobias_fleiter_langfristszenarien_2021 krail_langfristszenarien_2021;SN
8;2040-el_eff;;amount;heat_central;B;demand_ghd;load;708000;MWh/a;hirschl_berlin_2021  buttermann_anwendungsbilanzen_2020;MG
9;2040-el_eff;;amount;heat_central;BB;demand_ghd;load;298000;MWh/a;Prognos_Energiestrategie_BB_2040  buttermann_anwendungsbilanzen_2020 ;MG
10;2040-el_eff;;amount;heat_central;B;demand_hh;load;7548000;MWh/a;hirschl_berlin_2021  buttermann_anwendungsbilanzen_2020;MG
11;2040-el_eff;;amount;heat_central;BB;demand_hh;load;2274000;MWh/a;Prognos_Energiestrategie_BB_2040  buttermann_anwendungsbilanzen_2020 ;MG
12;2040-el_eff;;amount;heat_central;B;demand_i;load;1552000;MWh/a;hirschl_berlin_2021  buttermann_anwendungsbilanzen_2020;MG
13;2040-el_eff;;amount;heat_central;BB;demand_i;load;2428000;MWh/a;Prognos_Energiestrategie_BB_2040  buttermann_anwendungsbilanzen_2020 ;MG
14;2040-el_eff;;amount;heat_decentral;B;demand_ghd;load;2555000;MWh/a;hirschl_berlin_2021  buttermann_anwendungsbilanzen_2020;MG
15;2040-el_eff;;amount;heat_decentral;BB;demand_ghd;load;4921000;MWh/a;Prognos_Energiestrategie_BB_2040  buttermann_anwendungsbilanzen_2020 ;MG
16;2040-el_eff;;amount;heat_decentral;B;demand_hh;load;7451000;MWh/a;hirschl_berlin_2021  buttermann_anwendungsbilanzen_2020;MG
17;2040-el_eff;;amount;heat_decentral;BB;demand_hh;load;12799000;MWh/a;Prognos_Energiestrategie_BB_2040  buttermann_anwendungsbilanzen_2020 ;MG
18;2050-el_eff;B-ch4-demand;amount;ch4;B;demand;load;68780;MWh/a;hirschl_berlin_2021 buttermann_anwendungsbilanzen_2020;SN
19;2050-el_eff;BB-ch4-demand;amount;ch4;BB;demand;load;3549259;MWh/a;Prognos_Energiestrategie_BB_2040 buttermann_anwendungsbilanzen_2020  hirschl_berlin_2021 brugger_langfristszenarien_2021 tobias_fleiter_langfristszenarien_2021 krail_langfristszenarien_2021 ;SN
20;2050-el_eff;B-electricity-bev_charging;amount;electricity;B;bev_charging;load;2990278;MWh/a;hirschl_berlin_2021;SN
21;2050-el_eff;BB-electricity-bev_charging;amount;electricity;BB;bev_charging;load;12508088;MWh/a;Prognos_Energiestrategie_BB_2040 krail_langfristszenarien_2021;SN
22;2050-el_eff;B-electricity-demand;amount;electricity;B;demand;load;8422659;MWh/a;hirschl_berlin_2021 buttermann_anwendungsbilanzen_2020;SN
23;2050-el_eff;BB-electricity-demand;amount;electricity;BB;demand;load;19040783;MWh/a;Prognos_Energiestrategie_BB_2040 buttermann_anwendungsbilanzen_2020 brugger_langfristszenarien_2021 tobias_fleiter_langfristszenarien_2021 ;SN
24;2050-el_eff;B-h2-demand;amount;h2;B;demand;load;3577838;MWh/a;hirschl_berlin_2021 buttermann_anwendungsbilanzen_2020;SN
25;2050-el_eff;BB-h2-demand;amount;h2;BB;demand;load;6067980;MWh/a;Prognos_Energiestrategie_BB_2040 buttermann_anwendungsbilanzen_2020 hirschl_berlin_2021  brugger_langfristszenarien_2021 tobias_fleiter_langfristszenarien_2021 krail_langfristszenarien_2021 ;SN
26;2050-el_eff;;amount;heat_central;B;demand_ghd;load;634000;MWh/a;hirschl_berlin_2021  buttermann_anwendungsbilanzen_2020;MG
27;2050-el_eff;;amount;heat_central;BB;demand_ghd;load;265000;MWh/a;Prognos_Energiestrategie_BB_2040  buttermann_anwendungsbilanzen_2020 ;MG
28;2050-el_eff;;amount;heat_central;B;demand_hh;load;6685000;MWh/a;hirschl_berlin_2021  buttermann_anwendungsbilanzen_2020;MG
29;2050-el_eff;;amount;heat_central;BB;demand_hh;load;2021000;MWh/a;Prognos_Energiestrategie_BB_2040  buttermann_anwendungsbilanzen_2020 ;MG
30;2050-el_eff;;amount;heat_central;B;demand_i;load;1531000;MWh/a;hirschl_berlin_2021  buttermann_anwendungsbilanzen_2020;MG
31;2050-el_eff;;amount;heat_central;BB;demand_i;load;2159000;MWh/a;Prognos_Energiestrategie_BB_2040  buttermann_anwendungsbilanzen_2020 ;MG
32;2050-el_eff;;amount;heat_decentral;B;demand_ghd;load;2086000;MWh/a;hirschl_berlin_2021  buttermann_anwendungsbilanzen_2020;MG
33;2050-el_eff;;amount;heat_decentral;BB;demand_ghd;load;4310000;MWh/a;Prognos_Energiestrategie_BB_2040  buttermann_anwendungsbilanzen_2020 ;MG
34;2050-el_eff;;amount;heat_decentral;B;demand_hh;load;5826000;MWh/a;hirschl_berlin_2021  buttermann_anwendungsbilanzen_2020;MG
35;2050-el_eff;;amount;heat_decentral;BB;demand_hh;load;11190000;MWh/a;Prognos_Energiestrategie_BB_2040  buttermann_anwendungsbilanzen_2020 ;MG
36;2040-gas_moreCH4;B-ch4-demand;amount;ch4;B;demand;load;2691000;MWh/a;hirschl_berlin_2021 benjamin_lux_langfristszenarien_2021;SN
37;2040-gas_moreCH4;BB-ch4-demand;amount;ch4;BB;demand;load;17955435;MWh/a;Prognos_Energiestrategie_BB_2040  benjamin_lux_langfristszenarien_2021;SN
38;2040-gas_moreCH4;B-electricity-bev_charging;amount;electricity;B;bev_charging;load;1566000;MWh/a;hirschl_berlin_2021 benjamin_lux_langfristszenarien_2021;SN
39;2040-gas_moreCH4;BB-electricity-bev_charging;amount;electricity;BB;bev_charging;load;4691203;MWh/a;Prognos_Energiestrategie_BB_2040  benjamin_lux_langfristszenarien_2021;SN
40;2040-gas_moreCH4;B-electricity-demand;amount;electricity;B;demand;load;8193000;MWh/a;hirschl_berlin_2021 benjamin_lux_langfristszenarien_2021;SN
41;2040-gas_moreCH4;BB-electricity-demand;amount;electricity;BB;demand;load;12343258;MWh/a;Prognos_Energiestrategie_BB_2040  benjamin_lux_langfristszenarien_2021;SN
42;2040-gas_moreCH4;B-h2-demand;amount;h2;B;demand;load;149000;MWh/a;hirschl_berlin_2021 benjamin_lux_langfristszenarien_2021;SN
43;2040-gas_moreCH4;BB-h2-demand;amount;h2;BB;demand;load;465417;MWh/a;Prognos_Energiestrategie_BB_2040  benjamin_lux_langfristszenarien_2021;SN
44;2040-gas_moreCH4;;amount;heat_central;B;demand_ghd;load;645257;MWh/a;hirschl_berlin_2021  buttermann_anwendungsbilanzen_2020 Prognos_Energiestrategie_BB_2040 brugger_langfristszenarien_2021 tobias_fleiter_langfristszenarien_2021 mellwig_langfristszenarien_2021 ;MG
45;2040-gas_moreCH4;;amount;heat_central;BB;demand_ghd;load;271591;MWh/a;;MG
46;2040-gas_moreCH4;;amount;heat_central;B;demand_hh;load;6879096;MWh/a;hirschl_berlin_2021  buttermann_anwendungsbilanzen_2020 Prognos_Energiestrategie_BB_2040 brugger_langfristszenarien_2021 tobias_fleiter_langfristszenarien_2021 mellwig_langfristszenarien_2021 ;MG
47;2040-gas_moreCH4;;amount;heat_central;BB;demand_hh;load;2072478;MWh/a;;MG
48;2040-gas_moreCH4;;amount;heat_central;B;demand_i;load;1414462;MWh/a;hirschl_berlin_2021  buttermann_anwendungsbilanzen_2020 Prognos_Energiestrategie_BB_2040 brugger_langfristszenarien_2021 tobias_fleiter_langfristszenarien_2021 mellwig_langfristszenarien_2021 ;MG
49;2040-gas_moreCH4;;amount;heat_central;BB;demand_i;load;2212831;MWh/a;;MG
50;2040-gas_moreCH4;;amount;heat_decentral;B;demand_ghd;load;3015181;MWh/a;hirschl_berlin_2021  buttermann_anwendungsbilanzen_2020 Prognos_Energiestrategie_BB_2040 brugger_langfristszenarien_2021 tobias_fleiter_langfristszenarien_2021 mellwig_langfristszenarien_2021 ;MG
51;2040-gas_moreCH4;;amount;heat_decentral;BB;demand_ghd;load;6299583;MWh/a;;MG
52;2040-gas_moreCH4;;amount;heat_decentral;B;demand_hh;load;8793000;MWh/a;hirschl_berlin_2021  buttermann_anwendungsbilanzen_2020 Prognos_Energiestrategie_BB_2040 brugger_langfristszenarien_2021 tobias_fleiter_langfristszenarien_2021 mellwig_langfristszenarien_2021 ;MG
53;2040-gas_moreCH4;;amount;heat_decentral;BB;demand_hh;load;16384549;MWh/a;;MG
54;2050-gas_moreCH4;B-ch4-demand;amount;ch4;B;demand;load;5534000;MWh/a;hirschl_berlin_2021 benjamin_lux_langfristszenarien_2021;SN
55;2050-gas_moreCH4;BB-ch4-demand;amount;ch4;BB;demand;load;30929438;MWh/a;Prognos_Energiestrategie_BB_2040  benjamin_lux_langfristszenarien_2021;SN
56;2050-gas_moreCH4;B-electricity-bev_charging;amount;electricity;B;bev_charging;load;2200000;MWh/a;hirschl_berlin_2021 benjamin_lux_langfristszenarien_2021;SN
57;2050-gas_moreCH4;BB-electricity-bev_charging;amount;electricity;BB;bev_charging;load;8576150;MWh/a;Prognos_Energiestrategie_BB_2040  benjamin_lux_langfristszenarien_2021;SN
58;2050-gas_moreCH4;B-electricity-demand;amount;electricity;B;demand;load;8070000;MWh/a;hirschl_berlin_2021 benjamin_lux_langfristszenarien_2021;SN
59;2050-gas_moreCH4;BB-electricity-demand;amount;electricity;BB;demand;load;13662523;MWh/a;Prognos_Energiestrategie_BB_2040  benjamin_lux_langfristszenarien_2021;SN
60;2050-gas_moreCH4;B-h2-demand;amount;h2;B;demand;load;804000;MWh/a;hirschl_berlin_2021 benjamin_lux_langfristszenarien_2021;SN
61;2050-gas_moreCH4;BB-h2-demand;amount;h2;BB;demand;load;3050678;MWh/a;Prognos_Energiestrategie_BB_2040  benjamin_lux_langfristszenarien_2021;SN
62;2050-gas_moreCH4;;amount;heat_central;B;demand_ghd;load;676238;MWh/a;hirschl_berlin_2021  buttermann_anwendungsbilanzen_2020 Prognos_Energiestrategie_BB_2040 brugger_langfristszenarien_2021 tobias_fleiter_langfristszenarien_2021 mellwig_langfristszenarien_2021 ;MG
63;2050-gas_moreCH4;;amount;heat_central;BB;demand_ghd;load;282655;MWh/a;;MG
64;2050-gas_moreCH4;;amount;heat_central;B;demand_hh;load;7130366;MWh/a;hirschl_berlin_2021  buttermann_anwendungsbilanzen_2020 Prognos_Energiestrategie_BB_2040 brugger_langfristszenarien_2021 tobias_fleiter_langfristszenarien_2021 mellwig_langfristszenarien_2021 ;MG
65;2050-gas_moreCH4;;amount;heat_central;BB;demand_hh;load;2155643;MWh/a;;MG
66;2050-gas_moreCH4;;amount;heat_central;B;demand_i;load;1632998;MWh/a;hirschl_berlin_2021  buttermann_anwendungsbilanzen_2020 Prognos_Energiestrategie_BB_2040 brugger_langfristszenarien_2021 tobias_fleiter_langfristszenarien_2021 mellwig_langfristszenarien_2021 ;MG
67;2050-gas_moreCH4;;amount;heat_central;BB;demand_i;load;2302836;MWh/a;;MG
68;2050-gas_moreCH4;;amount;heat_decentral;B;demand_ghd;load;2279469;MWh/a;hirschl_berlin_2021  buttermann_anwendungsbilanzen_2020 Prognos_Energiestrategie_BB_2040 brugger_langfristszenarien_2021 tobias_fleiter_langfristszenarien_2021 mellwig_langfristszenarien_2021 ;MG
69;2050-gas_moreCH4;;amount;heat_decentral;BB;demand_ghd;load;5947789;MWh/a;;MG
70;2050-gas_moreCH4;;amount;heat_decentral;B;demand_hh;load;6366340;MWh/a;hirschl_berlin_2021  buttermann_anwendungsbilanzen_2020 Prognos_Energiestrategie_BB_2040 brugger_langfristszenarien_2021 tobias_fleiter_langfristszenarien_2021 mellwig_langfristszenarien_2021 ;MG
71;2050-gas_moreCH4;;amount;heat_decentral;BB;demand_hh;load;15442172;MWh/a;;MG
72;2040-gas_lessCH4;B-ch4-demand;amount;ch4;B;demand;load;2269261;MWh/a;hirschl_berlin_2021 benjamin_lux_langfristszenarien_2021;SN
73;2040-gas_lessCH4;BB-ch4-demand;amount;ch4;BB;demand;load;12828330;MWh/a;Prognos_Energiestrategie_BB_2040  benjamin_lux_langfristszenarien_2021;SN
74;2040-gas_lessCH4;B-electricity-bev_charging;amount;electricity;B;bev_charging;load;1644000;MWh/a;hirschl_berlin_2021 benjamin_lux_langfristszenarien_2021;SN
75;2040-gas_lessCH4;BB-electricity-bev_charging;amount;electricity;BB;bev_charging;load;5029000;MWh/a;Prognos_Energiestrategie_BB_2040  benjamin_lux_langfristszenarien_2021;SN
76;2040-gas_lessCH4;B-electricity-demand;amount;electricity;B;demand;load;8200000;MWh/a;hirschl_berlin_2021 benjamin_lux_langfristszenarien_2021;SN
77;2040-gas_lessCH4;BB-electricity-demand;amount;electricity;BB;demand;load;12343000;MWh/a;Prognos_Energiestrategie_BB_2040  benjamin_lux_langfristszenarien_2021;SN
78;2040-gas_lessCH4;B-h2-demand;amount;h2;B;demand;load;491975;MWh/a;hirschl_berlin_2021 benjamin_lux_langfristszenarien_2021;SN
79;2040-gas_lessCH4;BB-h2-demand;amount;h2;BB;demand;load;5523082;MWh/a;Prognos_Energiestrategie_BB_2040  benjamin_lux_langfristszenarien_2021;SN
80;2040-gas_lessCH4;;amount;heat_central;B;demand_ghd;load;645000;MWh/a;;MG
81;2040-gas_lessCH4;;amount;heat_central;BB;demand_ghd;load;272000;MWh/a;;MG
82;2040-gas_lessCH4;;amount;heat_central;B;demand_hh;load;6879000;MWh/a;;MG
83;2040-gas_lessCH4;;amount;heat_central;BB;demand_hh;load;2072000;MWh/a;;MG
84;2040-gas_lessCH4;;amount;heat_central;B;demand_i;load;1414000;MWh/a;;MG
85;2040-gas_lessCH4;;amount;heat_central;BB;demand_i;load;2213000;MWh/a;;MG
86;2040-gas_lessCH4;;amount;heat_decentral;B;demand_ghd;load;3015000;MWh/a;;MG
87;2040-gas_lessCH4;;amount;heat_decentral;BB;demand_ghd;load;6300000;MWh/a;;MG
88;2040-gas_lessCH4;;amount;heat_decentral;B;demand_hh;load;8793000;MWh/a;;MG
89;2040-gas_lessCH4;;amount;heat_decentral;BB;demand_hh;load;16385000;MWh/a;;MG
90;2050-gas_lessCH4;B-ch4-demand;amount;ch4;B;demand;load;1095830;MWh/a;hirschl_berlin_2021 benjamin_lux_langfristszenarien_2021;SN
91;2050-gas_lessCH4;BB-ch4-demand;amount;ch4;BB;demand;load;9353785;MWh/a;Prognos_Energiestrategie_BB_2040  benjamin_lux_langfristszenarien_2021;SN
92;2050-gas_lessCH4;B-electricity-bev_charging;amount;electricity;B;bev_charging;load;2724000;MWh/a;hirschl_berlin_2021 benjamin_lux_langfristszenarien_2021;SN
93;2050-gas_lessCH4;BB-electricity-bev_charging;amount;electricity;BB;bev_charging;load;8575000;MWh/a;Prognos_Energiestrategie_BB_2040  benjamin_lux_langfristszenarien_2021;SN
94;2050-gas_lessCH4;B-electricity-demand;amount;electricity;B;demand;load;8076001;MWh/a;hirschl_berlin_2021 benjamin_lux_langfristszenarien_2021;SN
95;2050-gas_lessCH4;BB-electricity-demand;amount;electricity;BB;demand;load;13662319;MWh/a;Prognos_Energiestrategie_BB_2040  benjamin_lux_langfristszenarien_2021;SN
96;2050-gas_lessCH4;B-h2-demand;amount;h2;B;demand;load;3475156;MWh/a;hirschl_berlin_2021 benjamin_lux_langfristszenarien_2021;SN
97;2050-gas_lessCH4;BB-h2-demand;amount;h2;BB;demand;load;14800785;MWh/a;Prognos_Energiestrategie_BB_2040  benjamin_lux_langfristszenarien_2021;SN
98;2050-gas_lessCH4;;amount;heat_central;B;demand_ghd;load;676000;MWh/a;;MG
99;2050-gas_lessCH4;;amount;heat_central;BB;demand_ghd;load;283000;MWh/a;;MG
100;2050-gas_lessCH4;;amount;heat_central;B;demand_hh;load;7130000;MWh/a;;MG
101;2050-gas_lessCH4;;amount;heat_central;BB;demand_hh;load;2156000;MWh/a;;MG
102;2050-gas_lessCH4;;amount;heat_central;B;demand_i;load;1633000;MWh/a;;MG
103;2050-gas_lessCH4;;amount;heat_central;BB;demand_i;load;2303000;MWh/a;;MG
104;2050-gas_lessCH4;;amount;heat_decentral;B;demand_ghd;load;2279000;MWh/a;;MG
105;2050-gas_lessCH4;;amount;heat_decentral;BB;demand_ghd;load;5948000;MWh/a;;MG
106;2050-gas_lessCH4;;amount;heat_decentral;B;demand_hh;load;6366000;MWh/a;;MG
107;2050-gas_lessCH4;;amount;heat_decentral;BB;demand_hh;load;15442000;MWh/a;;MG
108;ALL;;bev_car_share;electricity;TOTAL;demand;factor;0.49;None;krail_langfristszenarien_2021;Average of all scenarios (TN-Strom TN-PtG/PtL TN-H2) and years 2040 and 2050
