id_scal;scenario_key;name;var_name;carrier;region;tech;type;var_value;var_unit;source;comment
0;ALL;B-ch4-boiler_large;output_parameters;ch4;B;boiler;conversion;"{""gas-heat_central-B"": 1}";;;Keyword for electricity gas relation constraint. Leave empty to neglect the component in this constraint. Keywords of components powered by gas start with `config.settings.optimize.gas_key` and such powered with electricity with `config.settings.optimize.el_key` followed by `carrier` and `region` e.g. <`GAS_KEY`>-<carrier>-<region>. 
1;ALL;BB-ch4-boiler_large;output_parameters;ch4;BB;boiler;conversion;"{""gas-heat_central-BB"": 1}";;;Keyword for electricity gas relation constraint. Leave empty to neglect the component in this constraint. Keywords of components powered by gas start with `config.settings.optimize.gas_key` and such powered with electricity with `config.settings.optimize.el_key` followed by `carrier` and `region` e.g. <`GAS_KEY`>-<carrier>-<region>. 
2;ALL;B-ch4-boiler_small;output_parameters;ch4;B;boiler;conversion;"{""gas-heat_decentral-B"": 1}";;;Keyword for electricity gas relation constraint. Leave empty to neglect the component in this constraint. Keywords of components powered by gas start with `config.settings.optimize.gas_key` and such powered with electricity with `config.settings.optimize.el_key` followed by `carrier` and `region` e.g. <`GAS_KEY`>-<carrier>-<region>. 
3;ALL;BB-ch4-boiler_small;output_parameters;ch4;BB;boiler;conversion;"{""gas-heat_decentral-BB"": 1}";;;Keyword for electricity gas relation constraint. Leave empty to neglect the component in this constraint. Keywords of components powered by gas start with `config.settings.optimize.gas_key` and such powered with electricity with `config.settings.optimize.el_key` followed by `carrier` and `region` e.g. <`GAS_KEY`>-<carrier>-<region>. 
4;ALL;BB-ch4-bpchp;output_parameters;ch4;B;bpchp;backpressure;"{""gas-heat_central-B"": 1}";;;Keyword for electricity gas relation constraint. Leave empty to neglect the component in this constraint. Keywords of components powered by gas start with `config.settings.optimize.gas_key` and such powered with electricity with `config.settings.optimize.el_key` followed by `carrier` and `region` e.g. <`GAS_KEY`>-<carrier>-<region>. 
5;ALL;B-ch4-bpchp;output_parameters;ch4;BB;bpchp;backpressure;"{""gas-heat_central-BB"": 1}";;;Keyword for electricity gas relation constraint. Leave empty to neglect the component in this constraint. Keywords of components powered by gas start with `config.settings.optimize.gas_key` and such powered with electricity with `config.settings.optimize.el_key` followed by `carrier` and `region` e.g. <`GAS_KEY`>-<carrier>-<region>. 
6;ALL;B-electricity-heatpump_large;output_parameters;electricity;B;heatpump_large;conversion;"{""electricity-heat_central-B"": 1}";;;Keyword for electricity gas relation constraint. Leave empty to neglect the component in this constraint. Keywords of components powered by gas start with `config.settings.optimize.gas_key` and such powered with electricity with `config.settings.optimize.el_key` followed by `carrier` and `region` e.g. <`GAS_KEY`>-<carrier>-<region>. 
7;ALL;BB-electricity-heatpump_large;output_parameters;electricity;BB;heatpump_large;conversion;"{""electricity-heat_central-BB"": 1}";;;Keyword for electricity gas relation constraint. Leave empty to neglect the component in this constraint. Keywords of components powered by gas start with `config.settings.optimize.gas_key` and such powered with electricity with `config.settings.optimize.el_key` followed by `carrier` and `region` e.g. <`GAS_KEY`>-<carrier>-<region>. 
8;ALL;B-electricity-heatpump_small;output_parameters;electricity;B;heatpump_small;conversion;"{""electricity-heat_decentral-B"": 1}";;;Keyword for electricity gas relation constraint. Leave empty to neglect the component in this constraint. Keywords of components powered by gas start with `config.settings.optimize.gas_key` and such powered with electricity with `config.settings.optimize.el_key` followed by `carrier` and `region` e.g. <`GAS_KEY`>-<carrier>-<region>. 
9;ALL;BB-electricity-heatpump_small;output_parameters;electricity;BB;heatpump_small;conversion;"{""electricity-heat_decentral-BB"": 1}";;;Keyword for electricity gas relation constraint. Leave empty to neglect the component in this constraint. Keywords of components powered by gas start with `config.settings.optimize.gas_key` and such powered with electricity with `config.settings.optimize.el_key` followed by `carrier` and `region` e.g. <`GAS_KEY`>-<carrier>-<region>. 
10;ALL;B-electricity-pth;output_parameters;electricity;B;pth;conversion;"{""electricity-heat_central-B"": 1}";;;Keyword for electricity gas relation constraint. Leave empty to neglect the component in this constraint. Keywords of components powered by gas start with `config.settings.optimize.gas_key` and such powered with electricity with `config.settings.optimize.el_key` followed by `carrier` and `region` e.g. <`GAS_KEY`>-<carrier>-<region>. 
11;ALL;BB-electricity-pth;output_parameters;electricity;BB;pth;conversion;"{""electricity-heat_central-BB"": 1}";;;Keyword for electricity gas relation constraint. Leave empty to neglect the component in this constraint. Keywords of components powered by gas start with `config.settings.optimize.gas_key` and such powered with electricity with `config.settings.optimize.el_key` followed by `carrier` and `region` e.g. <`GAS_KEY`>-<carrier>-<region>. 
12;ALL;BB-h2-bpchp;output_parameters;h2;B;bpchp;backpressure;"{""gas-heat_central-B"": 1}";;;Keyword for electricity gas relation constraint. Leave empty to neglect the component in this constraint. Keywords of components powered by gas start with `config.settings.optimize.gas_key` and such powered with electricity with `config.settings.optimize.el_key` followed by `carrier` and `region` e.g. <`GAS_KEY`>-<carrier>-<region>. 
13;ALL;B-h2-bpchp;output_parameters;h2;BB;bpchp;backpressure;"{""gas-heat_central-BB"": 1}";;;Keyword for electricity gas relation constraint. Leave empty to neglect the component in this constraint. Keywords of components powered by gas start with `config.settings.optimize.gas_key` and such powered with electricity with `config.settings.optimize.el_key` followed by `carrier` and `region` e.g. <`GAS_KEY`>-<carrier>-<region>. 
14;2050-el_eff;B-heat_central-gas_electricity_relation;electricity_gas_relation;heat_central;B;constraint;relation;0.69;;hirschl_berlin_2021;factor = electricity / gas
15;2050-el_eff;BB-heat_central-gas_electricity_relation;electricity_gas_relation;heat_central;BB;constraint;relation;0.69;;hirschl_berlin_2021;factor = electricity / gas
16;2050-el_eff;B-heat_decentral-gas_electricity_relation;electricity_gas_relation;heat_decentral;B;constraint;relation;1.3;;hirschl_berlin_2021;factor = electricity / gas
17;2050-el_eff;BB-heat_decentral-gas_electricity_relation;electricity_gas_relation;heat_decentral;BB;constraint;relation;4.9;;mellwig_langfristszenarien_2021;factor = electricity / gas
18;2050-gas_moreCH4;B-heat_central-gas_electricity_relation;electricity_gas_relation;heat_central;B;constraint;relation;0.41;;Prognos_Energiestrategie_BB_2040;factor = electricity / gas
19;2050-gas_moreCH4;BB-heat_central-gas_electricity_relation;electricity_gas_relation;heat_central;BB;constraint;relation;0.41;;Prognos_Energiestrategie_BB_2040;factor = electricity / gas
20;2050-gas_moreCH4;B-heat_decentral-gas_electricity_relation;electricity_gas_relation;heat_decentral;B;constraint;relation;0.78;;mellwig_langfristszenarien_2021;factor = electricity / gas
21;2050-gas_moreCH4;BB-heat_decentral-gas_electricity_relation;electricity_gas_relation;heat_decentral;BB;constraint;relation;0.78;;mellwig_langfristszenarien_2021;factor = electricity / gas
22;2050-gas_lessCH4;B-heat_central-gas_electricity_relation;electricity_gas_relation;heat_central;B;constraint;relation;0.41;;Prognos_Energiestrategie_BB_2040;factor = electricity / gas
23;2050-gas_lessCH4;BB-heat_central-gas_electricity_relation;electricity_gas_relation;heat_central;BB;constraint;relation;0.41;;Prognos_Energiestrategie_BB_2040;factor = electricity / gas
24;2050-gas_lessCH4;B-heat_decentral-gas_electricity_relation;electricity_gas_relation;heat_decentral;B;constraint;relation;0.78;;mellwig_langfristszenarien_2021;factor = electricity / gas
25;2050-gas_lessCH4;BB-heat_decentral-gas_electricity_relation;electricity_gas_relation;heat_decentral;BB;constraint;relation;0.78;;mellwig_langfristszenarien_2021;factor = electricity / gas
26;2040-el_eff;B-heat_central-gas_electricity_relation;electricity_gas_relation;heat_central;B;constraint;relation;0.45;;hirschl_berlin_2021;factor = electricity / gas
27;2040-el_eff;BB-heat_central-gas_electricity_relation;electricity_gas_relation;heat_central;BB;constraint;relation;0.45;;hirschl_berlin_2021;factor = electricity / gas
28;2040-el_eff;B-heat_decentral-gas_electricity_relation;electricity_gas_relation;heat_decentral;B;constraint;relation;1.1;;hirschl_berlin_2021;factor = electricity / gas
29;2040-el_eff;BB-heat_decentral-gas_electricity_relation;electricity_gas_relation;heat_decentral;BB;constraint;relation;1.9;;mellwig_langfristszenarien_2021;factor = electricity / gas
30;2040-gas_moreCH4;B-heat_central-gas_electricity_relation;electricity_gas_relation;heat_central;B;constraint;relation;0.31;;Prognos_Energiestrategie_BB_2040;factor = electricity / gas
31;2040-gas_moreCH4;BB-heat_central-gas_electricity_relation;electricity_gas_relation;heat_central;BB;constraint;relation;0.31;;Prognos_Energiestrategie_BB_2040;factor = electricity / gas
32;2040-gas_moreCH4;B-heat_decentral-gas_electricity_relation;electricity_gas_relation;heat_decentral;B;constraint;relation;0.42;;mellwig_langfristszenarien_2021;factor = electricity / gas
33;2040-gas_moreCH4;BB-heat_decentral-gas_electricity_relation;electricity_gas_relation;heat_decentral;BB;constraint;relation;0.42;;mellwig_langfristszenarien_2021;factor = electricity / gas
34;2040-gas_lessCH4;B-heat_central-gas_electricity_relation;electricity_gas_relation;heat_central;B;constraint;relation;0.31;;Prognos_Energiestrategie_BB_2040;factor = electricity / gas
35;2040-gas_lessCH4;BB-heat_central-gas_electricity_relation;electricity_gas_relation;heat_central;BB;constraint;relation;0.31;;Prognos_Energiestrategie_BB_2040;factor = electricity / gas
36;2040-gas_lessCH4;B-heat_decentral-gas_electricity_relation;electricity_gas_relation;heat_decentral;B;constraint;relation;0.42;;mellwig_langfristszenarien_2021;factor = electricity / gas
37;2040-gas_lessCH4;BB-heat_decentral-gas_electricity_relation;electricity_gas_relation;heat_decentral;BB;constraint;relation;0.42;;mellwig_langfristszenarien_2021;factor = electricity / gas
