id_scal;scenario_key;name;var_name;carrier;region;tech;type;var_value;var_unit;source;comment
0;2040-base;B-h2-import;output_parameters;h2;B;import;shortage;"{""emission_factor"": 119.71}";kgCO2/MWh;simons_blauer_2020;Assumption: 30% grey hydrogen and 70% green hydrogen with zero emissions.
1;2040-base;BB-h2-import;output_parameters;h2;BB;import;shortage;"{""emission_factor"": 119.71}";kgCO2/MWh;simons_blauer_2020;Assumption: 30% grey hydrogen and 70% green hydrogen with zero emissions.
2;2040-base;B-ch4-import;output_parameters;ch4;B;import;shortage;"{""emission_factor"": 191.15}";kg_CO2_eq/MWh;UMAS project meier_heiz-_2014;100% fossile CH4
3;2040-base;BB-ch4-import;output_parameters;ch4;BB;import;shortage;"{""emission_factor"": 191.15}";kg_CO2_eq/MWh;UMAS project meier_heiz-_2014;100% fossile CH4
4;2040-base;;emissions_not_modeled;emission;TOTAL;constraint;limit;3695860293;kg_CO2_eq/MWh;;SN
5;2040-el_eff;BB-electricity-import;output_parameters;electricity;BB;import;shortage;"{""emission_factor"": 29.98}";kg_CO2_eq/MWh;fraunhofer_isi_emissionsfaktoren_nodate;
6;2040-gas_lessCH4;BB-electricity-import;output_parameters;electricity;BB;import;shortage;"{""emission_factor"": 19.6}";kg_CO2_eq/MWh;fraunhofer_isi_emissionsfaktoren_nodate;
7;2040-gas_moreCH4;BB-electricity-import;output_parameters;electricity;BB;import;shortage;"{""emission_factor"": 19.6}";kg_CO2_eq/MWh;fraunhofer_isi_emissionsfaktoren_nodate;
8;2050-base;B-h2-import;output_parameters;h2;B;import;shortage;"{""emission_factor"": 79.81}";kgCO2/MWh;noauthor_rechnen_2013;Assumption: 20% grey hydrogen 80% and green hydrogen with zero emissions.
9;2050-base;BB-h2-import;output_parameters;h2;BB;import;shortage;"{""emission_factor"": 79.81}";kgCO2/MWh;noauthor_rechnen_2013;Assumption: 20% grey hydrogen 80% and green hydrogen with zero emissions.
10;2050-base;;emissions_not_modeled;emission;TOTAL;constraint;limit;0;kg_CO2_eq/MWh;;No fossils in 2050 in the modelled sectors.
11;2050-el_eff;BB-electricity-import;output_parameters;electricity;BB;import;shortage;"{""emission_factor"": 0.02}";kg_CO2_eq/MWh;fraunhofer_isi_emissionsfaktoren_nodate;
12;2050-base;B-ch4-import;output_parameters;ch4;B;import;shortage;"{""emission_factor"": 191.15}";kg_CO2_eq/MWh;UMAS project meier_heiz-_2014;100% fossile CH4
13;2050-base;BB-ch4-import;output_parameters;ch4;BB;import;shortage;"{""emission_factor"": 191.15}";kg_CO2_eq/MWh;UMAS project meier_heiz-_2014;100% fossile CH4
14;2050-gas_lessCH4;BB-electricity-import;output_parameters;electricity;BB;import;shortage;"{""emission_factor"": 0.05}";kg_CO2_eq/MWh;fraunhofer_isi_emissionsfaktoren_nodate;
15;2050-gas_moreCH4;BB-electricity-import;output_parameters;electricity;BB;import;shortage;"{""emission_factor"": 0.05}";kg_CO2_eq/MWh;fraunhofer_isi_emissionsfaktoren_nodate;
16;ALL;B-ch4-export;input_parameters;ch4;B;export;excess;"{""emission_factor"": 0}";kg_CO2_eq/MWh;;Has no effect as export is not allowed.
17;ALL;B-h2-export;input_parameters;h2;B;export;excess;"{""emission_factor"": 0}";kg_CO2_eq/MWh;;Has no effect as export is not allowed.
18;ALL;BB-ch4-export;input_parameters;ch4;BB;export;excess;"{""emission_factor"": 0}";kg_CO2_eq/MWh;;Has no effect as export is not allowed.
19;ALL;BB-electricity-export;input_parameters;electricity;BB;export;excess;"{""emission_factor"": 0}";kg_CO2_eq/MWh;;Has no effect as export is not allowed.
20;ALL;BB-h2-export;input_parameters;h2;BB;export;excess;"{""emission_factor"": 0}";kg_CO2_eq/MWh;;Has no effect as export is not allowed.
21;ALL;;emissions_1990;emission;TOTAL;constraint;limit;71188031171;kg_CO2_eq/MWh;umweltbundesamt_treibhausgas-emissionen_2022 statistikportal_umweltokonomische_2021 Umweltbundesamt2022 amt_fur_statistik_berlin-brandenburg_energie-_2021 amt_fur_statistik_berlin-brandenburg_energie-_2022 (beide letzten in Zotero);SN
22;reduction_100;;emission_reduction_factor;emission;TOTAL;constraint;limit;1;None;;
23;reduction_80;;emission_reduction_factor;emission;TOTAL;constraint;limit;0.8;None;;
24;reduction_95;;emission_reduction_factor;emission;TOTAL;constraint;limit;0.95;None;;
