id_scal;scenario_key;name;var_name;carrier;region;tech;type;var_value;var_unit;source;comment
0;2040-el_eff;;marginal_cost;ch4;ALL;export;excess;0;Eur/MWh;;No ch4 export
1;2040-el_eff;;marginal_cost;ch4;ALL;import;shortage;44.5;Eur/MWh;UMAS project;100% fossile CH4
2;2040-el_eff;;marginal_cost;ch4;ALL;shortage;shortage;238.8;Eur/MWh;UMAS project;100% green CH4 with ?Worst Case Price? - no difference between GAS and EFF/EL
3;2040-el_eff;;marginal_cost;electricity;ALL;export;excess;0;Eur/MWh;;No electricity export to prevent highly overestimated export of renewables due to constant electricity export price.
4;2040-el_eff;;marginal_cost;electricity;ALL;import;shortage;101;Eur/MWh;;Dummy data
5;2040-el_eff;;marginal_cost;electricity;ALL;shortage;shortage;1000000000;Eur/MWh;;High slack cost on shortage
6;2040-el_eff;;marginal_cost;h2;ALL;export;excess;0;Eur/MWh;;No h2 export
7;2040-el_eff;;marginal_cost;h2;ALL;import;shortage;96.9;Eur/MWh;statista_research_department_produktionskosten_2022;Assumptions: average between 2030 and 2050. 30% grey h2 and 70% green h2 with zero emissions.
8;2040-el_eff;;marginal_cost;h2;ALL;shortage;shortage;1000000000;Eur/MWh;;High slack cost on shortage
9;2040-el_eff;;marginal_cost;heat_central;ALL;shortage;shortage;1000000000;Eur/MWh;;High slack cost on shortage
10;2040-el_eff;;marginal_cost;heat_decentral;ALL;shortage;shortage;1000000000;Eur/MWh;;High slack cost on shortage
11;2040-gas_lessCH4;;marginal_cost;ch4;ALL;export;excess;0;Eur/MWh;;No ch4 export
12;2040-gas_lessCH4;;marginal_cost;ch4;ALL;import;shortage;44.5;Eur/MWh;UMAS project;100% fossile CH4
13;2040-gas_lessCH4;;marginal_cost;ch4;ALL;shortage;shortage;238.8;Eur/MWh;UMAS project;100% green CH4 with ?Worst Case Price? - no difference between GAS and EFF/EL
14;2040-gas_lessCH4;;marginal_cost;electricity;ALL;export;excess;0;Eur/MWh;;No electricity export to prevent highly overestimated export of renewables due to constant electricity export price.
15;2040-gas_lessCH4;;marginal_cost;electricity;ALL;import;shortage;101;Eur/MWh;;Dummy data
16;2040-gas_lessCH4;;marginal_cost;electricity;ALL;shortage;shortage;1000000000;Eur/MWh;;High slack cost on shortage
17;2040-gas_lessCH4;;marginal_cost;h2;ALL;export;excess;0;Eur/MWh;;No h2 export
18;2040-gas_lessCH4;;marginal_cost;h2;ALL;import;shortage;96.9;Eur/MWh;statista_research_department_produktionskosten_2022;Assumptions: average between 2030 and 2050. 30% grey h2 and 70% green h2 with zero emissions.
19;2040-gas_lessCH4;;marginal_cost;h2;ALL;shortage;shortage;1000000000;Eur/MWh;;High slack cost on shortage
20;2040-gas_lessCH4;;marginal_cost;heat_central;ALL;shortage;shortage;1000000000;Eur/MWh;;High slack cost on shortage
21;2040-gas_lessCH4;;marginal_cost;heat_decentral;ALL;shortage;shortage;1000000000;Eur/MWh;;High slack cost on shortage
22;2040-gas_moreCH4;;marginal_cost;ch4;ALL;export;excess;0;Eur/MWh;;No ch4 export
23;2040-gas_moreCH4;;marginal_cost;ch4;ALL;import;shortage;44.5;Eur/MWh;UMAS project;100% fossile CH4
24;2040-gas_moreCH4;;marginal_cost;ch4;ALL;shortage;shortage;238.8;Eur/MWh;UMAS project;100% green CH4 with ?Worst Case Price? - no difference between GAS and EFF/EL
25;2040-gas_moreCH4;;marginal_cost;electricity;ALL;export;excess;0;Eur/MWh;;No electricity export to prevent highly overestimated export of renewables due to constant electricity export price.
26;2040-gas_moreCH4;;marginal_cost;electricity;ALL;import;shortage;101;Eur/MWh;;Dummy data
27;2040-gas_moreCH4;;marginal_cost;electricity;ALL;shortage;shortage;1000000000;Eur/MWh;;High slack cost on shortage
28;2040-gas_moreCH4;;marginal_cost;h2;ALL;export;excess;0;Eur/MWh;;No h2 export
29;2040-gas_moreCH4;;marginal_cost;h2;ALL;import;shortage;96.9;Eur/MWh;statista_research_department_produktionskosten_2022;Assumptions: average between 2030 and 2050. 30% grey h2 and 70% green h2 with zero emissions.
30;2040-gas_moreCH4;;marginal_cost;h2;ALL;shortage;shortage;1000000000;Eur/MWh;;High slack cost on shortage
31;2040-gas_moreCH4;;marginal_cost;heat_central;ALL;shortage;shortage;1000000000;Eur/MWh;;High slack cost on shortage
32;2040-gas_moreCH4;;marginal_cost;heat_decentral;ALL;shortage;shortage;1000000000;Eur/MWh;;High slack cost on shortage
33;2050-el_eff;;marginal_cost;electricity;ALL;export;excess;0;Eur/MWh;;No electricity export to prevent highly overestimated export of renewables due to constant electricity export price.
34;2050-el_eff;;marginal_cost;electricity;ALL;import;shortage;82;Eur/MWh;burstedde_strommarkt_2021;arithmetic average of 9 scenarios (figure 23)
35;2050-el_eff;;marginal_cost;electricity;ALL;shortage;shortage;1000000000;Eur/MWh;;High slack cost on shortage
36;2050-el_eff;;marginal_cost;h2;ALL;export;excess;0;Eur/MWh;;No h2 export
37;2050-el_eff;;marginal_cost;h2;ALL;import;shortage;88.8;Eur/MWh;statista_research_department_produktionskosten_2022;Assumption: 20% grey h2 and 80% green h2 with zero emissions.
38;2050-el_eff;;marginal_cost;h2;ALL;shortage;shortage;1000000000;Eur/MWh;;High slack cost on shortage
39;2050-el_eff;;marginal_cost;heat_central;ALL;shortage;shortage;1000000000;Eur/MWh;;High slack cost on shortage
40;2050-el_eff;;marginal_cost;heat_decentral;ALL;shortage;shortage;1000000000;Eur/MWh;;High slack cost on shortage
41;2050-gas_lessCH4;;marginal_cost;electricity;ALL;export;excess;0;Eur/MWh;;No electricity export to prevent highly overestimated export of renewables due to constant electricity export price.
42;2050-gas_lessCH4;;marginal_cost;electricity;ALL;import;shortage;82;Eur/MWh;burstedde_strommarkt_2021;arithmetic average of 9 scenarios (figure 23)
43;2050-gas_lessCH4;;marginal_cost;electricity;ALL;shortage;shortage;1000000000;Eur/MWh;;High slack cost on shortage
44;2050-gas_lessCH4;;marginal_cost;h2;ALL;export;excess;0;Eur/MWh;;No h2 export
45;2050-gas_lessCH4;;marginal_cost;h2;ALL;import;shortage;88.8;Eur/MWh;statista_research_department_produktionskosten_2022;Assumption: 20% grey h2 and 80% green h2 with zero emissions.
46;2050-gas_lessCH4;;marginal_cost;h2;ALL;shortage;shortage;1000000000;Eur/MWh;;High slack cost on shortage
47;2050-gas_lessCH4;;marginal_cost;heat_central;ALL;shortage;shortage;1000000000;Eur/MWh;;High slack cost on shortage
48;2050-gas_lessCH4;;marginal_cost;heat_decentral;ALL;shortage;shortage;1000000000;Eur/MWh;;High slack cost on shortage
49;2050-gas_moreCH4;;marginal_cost;electricity;ALL;export;excess;0;Eur/MWh;;No electricity export to prevent highly overestimated export of renewables due to constant electricity export price.
50;2050-gas_moreCH4;;marginal_cost;electricity;ALL;import;shortage;82;Eur/MWh;burstedde_strommarkt_2021;arithmetic average of 9 scenarios (figure 23)
51;2050-gas_moreCH4;;marginal_cost;electricity;ALL;shortage;shortage;1000000000;Eur/MWh;;High slack cost on shortage
52;2050-gas_moreCH4;;marginal_cost;h2;ALL;export;excess;0;Eur/MWh;;No h2 export
53;2050-gas_moreCH4;;marginal_cost;h2;ALL;import;shortage;88.8;Eur/MWh;statista_research_department_produktionskosten_2022;Assumption: 20% grey h2 and 80% green h2 with zero emissions.
54;2050-gas_moreCH4;;marginal_cost;h2;ALL;shortage;shortage;1000000000;Eur/MWh;;High slack cost on shortage
55;2050-gas_moreCH4;;marginal_cost;heat_central;ALL;shortage;shortage;1000000000;Eur/MWh;;High slack cost on shortage
56;2050-gas_moreCH4;;marginal_cost;heat_decentral;ALL;shortage;shortage;1000000000;Eur/MWh;;High slack cost on shortage
57;2050-el_eff;;marginal_cost;ch4;ALL;shortage;shortage;208.7;Eur/MWh;UMAS project;100% green CH4 with ?Worst Case Price? in EFF/EL scenario
58;2050-el_eff;;marginal_cost;ch4;ALL;export;excess;0;Eur/MWh;;No ch4 export
59;2050-el_eff;;marginal_cost;ch4;ALL;import;shortage;46.6;Eur/MWh;UMAS project;100% fossile CH4
60;2050-gas_lessCH4;;marginal_cost;ch4;ALL;shortage;shortage;208.7;Eur/MWh;UMAS project;100% green CH4: same as EL-EFF scenario for comparability
61;2050-gas_lessCH4;;marginal_cost;ch4;ALL;export;excess;0;Eur/MWh;;No ch4 export
62;2050-gas_lessCH4;;marginal_cost;ch4;ALL;import;shortage;46.6;Eur/MWh;UMAS project;100% fossile CH4
63;2050-gas_moreCH4;;marginal_cost;ch4;ALL;shortage;shortage;208.7;Eur/MWh;UMAS project;100% green CH4: same as EL-EFF scenario for comparability
64;2050-gas_moreCH4;;marginal_cost;ch4;ALL;export;excess;0;Eur/MWh;;No ch4 export
65;2050-gas_moreCH4;;marginal_cost;ch4;ALL;import;shortage;46.6;Eur/MWh;UMAS project;100% fossile CH4
