id_scal;scenario_key;name;var_name;carrier;region;tech;type;var_value;var_unit;source;comment
0;ALL;B-biomass-gt;capacity_potential;biomass;B;gt;conversion;;MW;;
1;ALL;BB-biomass-gt;capacity_potential;biomass;BB;gt;conversion;;MW;;
2;ALL;B-ch4-boiler_large;capacity_potential;ch4;B;boiler_large;conversion;;MW;;
3;ALL;BB-ch4-boiler_large;capacity_potential;ch4;BB;boiler_large;conversion;;MW;;
4;ALL;B-ch4-boiler_small;capacity_potential;ch4;B;boiler_small;conversion;;MW;;
5;ALL;BB-ch4-boiler_small;capacity_potential;ch4;BB;boiler_small;conversion;;MW;;
6;ALL;B-ch4-gt;capacity_potential;ch4;B;gt;conversion;;MW;;
7;ALL;BB-ch4-gt;capacity_potential;ch4;BB;gt;conversion;;MW;;
8;ALL;B-electricity-electrolyzer;capacity_potential;electricity;B;electrolyzer;conversion;;MW;;
9;ALL;BB-electricity-electrolyzer;capacity_potential;electricity;BB;electrolyzer;conversion;;MW;;
10;ALL;B-electricity-heatpump_large;capacity_potential;electricity;B;heatpump_large;conversion;;MW;;
11;ALL;BB-electricity-heatpump_large;capacity_potential;electricity;BB;heatpump_large;conversion;;MW;;
12;ALL;B-electricity-heatpump_small;capacity_potential;electricity;B;heatpump_small;conversion;;MW;;
13;ALL;BB-electricity-heatpump_small;capacity_potential;electricity;BB;heatpump_small;conversion;;MW;;
14;ALL;B-electricity-liion_battery;capacity_potential;electricity;B;liion_battery;storage;;MW;;
15;ALL;BB-electricity-liion_battery;capacity_potential;electricity;BB;liion_battery;storage;;MW;;
16;ALL;B-electricity-liion_battery;storage_capacity_potential;electricity;B;liion_battery;storage;;MWh;;
17;ALL;BB-electricity-liion_battery;storage_capacity_potential;electricity;BB;liion_battery;storage;;MWh;;
18;ALL;B-electricity-pth;capacity_potential;electricity;B;pth;conversion;;MW;;
19;ALL;BB-electricity-pth;capacity_potential;electricity;BB;pth;conversion;;MW;;
20;ALL;B-h2-cavern;capacity_potential;h2;B;cavern;storage;0;;;
21;ALL;BB-h2-cavern;capacity_potential;h2;BB;cavern;storage;inf;;;
22;ALL;B-h2-cavern;storage_capacity_potential;h2;B;cavern;storage;0;;;
23;ALL;BB-h2-cavern;storage_capacity_potential;h2;BB;cavern;storage;inf;;;
24;ALL;B-h2-gt;capacity_potential;h2;B;gt;conversion;;MW;;
25;ALL;BB-h2-gt;capacity_potential;h2;BB;gt;conversion;;MW;;
26;ALL;B-heat_central-storage;capacity_potential;heat_central;B;storage;storage;;MW;;
27;ALL;BB-heat_central-storage;capacity_potential;heat_central;BB;storage;storage;;MW;;
28;ALL;B-heat_central-storage;storage_capacity_potential;heat_central;B;storage;storage;;MWh;;
29;ALL;BB-heat_central-storage;storage_capacity_potential;heat_central;BB;storage;storage;;MWh;;
30;ALL;B-heat_decentral-storage;capacity_potential;heat_decentral;B;storage;storage;;MW;;
31;ALL;BB-heat_decentral-storage;capacity_potential;heat_decentral;BB;storage;storage;;MW;;
32;ALL;B-heat_decentral-storage;storage_capacity_potential;heat_decentral;B;storage;storage;;MWh;;
33;ALL;BB-heat_decentral-storage;storage_capacity_potential;heat_decentral;BB;storage;storage;;MWh;;
34;ALL;B-hydro-ror;capacity_potential;hydro;B;ror;volatile;0;MW;AEE_Wasserkraft;No hydro power in Berlin installed. Note that the link has a spelling mistake but is the right link.
35;ALL;BB-hydro-ror;capacity_potential;hydro;BB;ror;volatile;5.5;MW;UMAS results document;5 MW existing + 0.5 MW planned projects
36;ALL;;degree_of_agreement;solar;BB;ground_mounted_pv;volatile;1;None;;
37;ALL;;minimum_area;solar;BB;ground_mounted_pv;volatile;10000;m2;None;for economic reasons - 1ha = 10000 m2
38;ALL;;reduction_by_wind_overlap;solar;BB;ground_mounted_pv;volatile;1;None;S.6 OderlandSpree2020;in case there is overlapping with wind potential area in sum area is further reduced by a certain factor. A factor of 1 means that the overleapping area is not used for PV at all.
39;ALL;;required_specific_area;solar;BB;ground_mounted_pv;volatile;125;MW/km2;S.56 Kelm2019;required specific area 0.8 ha per MW
40;ALL;B-solar-pv;capacity_potential;solar;B;pv;volatile;9002.2;MW;AEE_PV;Sum of ground-mounted and rooftop PV (installed capacity of 2017)
41;ALL;BB-solar-pv;capacity_potential;solar;BB;pv;volatile;77000;MW;UMAS results document;Sum of ground-mounted and rooftop PV 
42;ALL;B-wind-onshore;capacity_potential;wind;B;onshore;volatile;12;MW;AEE_Wind;Installed capacity of 2017
43;ALL;BB-wind-onshore;capacity_potential;wind;BB;onshore;volatile;34000;MW;UMAS results document;
44;ALL;;degree_of_agreement;wind;BB;onshore;volatile;1;None;None;None
45;ALL;;minimum_area;wind;BB;onshore;volatile;485;m2;S.60 S.105 Erkner2018;None
46;ALL;;required_specific_area;wind;BB;onshore;volatile;21;MW/km2;S. 16 Luetkehus2013;distance between turbines: four times the rotor diameter 
