year,month,day,holiday,region
2010,1,1,Neujahr,BW-BY-B-BB-HB-HH-HE-MV-NI-NW-RP-SL-SN-ST-SH-TH
2010,1,6,Heilige Drei Könige,BW-BY-ST
2010,4,2,Karfreitag,BW-BY-B-BB-HB-HH-HE-MV-NI-NW-RP-SL-SN-ST-SH-TH
2010,4,4,Ostersonntag,BW-BY-B-BB-HB-HH-HE-MV-NI-NW-RP-SL-SN-ST-SH-TH
2010,4,5,Ostermontag,BW-BY-B-BB-HB-HH-HE-MV-NI-NW-RP-SL-SN-ST-SH-TH
2010,5,1,Tag der Arbeit,BW-BY-B-BB-HB-HH-HE-MV-NI-NW-RP-SL-SN-ST-SH-TH
2010,5,13,Christi Himmelfahrt,BW-BY-B-BB-HB-HH-HE-MV-NI-NW-RP-SL-SN-ST-SH-TH
2010,5,23,Pfingstsonntag,BW-BY-B-BB-HB-HH-HE-MV-NI-NW-RP-SL-SN-ST-SH-TH
2010,5,24,Pfingstmontag,BW-BY-B-BB-HB-HH-HE-MV-NI-NW-RP-SL-SN-ST-SH-TH
2010,6,3,Fronleichnam,BW-BY-NW-SL
2010,8,15,Maria Himmelfahrt,BY-SL
2010,10,3,Tag der deutschen Einheit,BW-BY-B-BB-HB-HH-HE-MV-NI-NW-RP-SL-SN-ST-SH-TH
2010,10,31,Reformationstag,BB-HB-HH-MV-NI-SN-ST-SH-TH
2010,11,1,Allerheiligen,BW-BY-NW-RP-SL
2010,11,17,Buß- und Bettag,SN
2010,12,25,1. Weihnachtstag,BW-BY-B-BB-HB-HH-HE-MV-NI-NW-RP-SL-SN-ST-SH-TH
2010,12,26,2. Weihnachtstag,BW-BY-B-BB-HB-HH-HE-MV-NI-NW-RP-SL-SN-ST-SH-TH
2011,1,1,Neujahr,BW-BY-B-BB-HB-HH-HE-MV-NI-NW-RP-SL-SN-ST-SH-TH
2011,1,6,Heilige Drei Könige,BW-BY-ST
2011,4,22,Karfreitag,BW-BY-B-BB-HB-HH-HE-MV-NI-NW-RP-SL-SN-ST-SH-TH
2011,4,24,Ostersonntag,BW-BY-B-BB-HB-HH-HE-MV-NI-NW-RP-SL-SN-ST-SH-TH
2011,4,25,Ostermontag,BW-BY-B-BB-HB-HH-HE-MV-NI-NW-RP-SL-SN-ST-SH-TH
2011,5,1,Tag der Arbeit,BW-BY-B-BB-HB-HH-HE-MV-NI-NW-RP-SL-SN-ST-SH-TH
2011,6,2,Christi Himmelfahrt,BW-BY-B-BB-HB-HH-HE-MV-NI-NW-RP-SL-SN-ST-SH-TH
2011,6,12,Pfingstsonntag,BW-BY-B-BB-HB-HH-HE-MV-NI-NW-RP-SL-SN-ST-SH-TH
2011,6,13,Pfingstmontag,BW-BY-B-BB-HB-HH-HE-MV-NI-NW-RP-SL-SN-ST-SH-TH
2011,6,23,Fronleichnam,BW-BY-NW-SL
2011,8,15,Maria Himmelfahrt,BY-SL
2011,10,3,Tag der deutschen Einheit,BW-BY-B-BB-HB-HH-HE-MV-NI-NW-RP-SL-SN-ST-SH-TH
2011,10,31,Reformationstag,BB-HB-HH-MV-NI-SN-ST-SH-TH
2011,11,1,Allerheiligen,BW-BY-NW-RP-SL
2011,11,16,Buß- und Bettag,SN
2011,12,25,1. Weihnachtstag,BW-BY-B-BB-HB-HH-HE-MV-NI-NW-RP-SL-SN-ST-SH-TH
2011,12,26,2. Weihnachtstag,BW-BY-B-BB-HB-HH-HE-MV-NI-NW-RP-SL-SN-ST-SH-TH
2012,1,1,Neujahr,BW-BY-B-BB-HB-HH-HE-MV-NI-NW-RP-SL-SN-ST-SH-TH
2012,1,6,Heilige Drei Könige,BW-BY-ST
2012,4,6,Karfreitag,BW-BY-B-BB-HB-HH-HE-MV-NI-NW-RP-SL-SN-ST-SH-TH
2012,4,8,Ostersonntag,BW-BY-B-BB-HB-HH-HE-MV-NI-NW-RP-SL-SN-ST-SH-TH
2012,4,9,Ostermontag,BW-BY-B-BB-HB-HH-HE-MV-NI-NW-RP-SL-SN-ST-SH-TH
2012,5,1,Tag der Arbeit,BW-BY-B-BB-HB-HH-HE-MV-NI-NW-RP-SL-SN-ST-SH-TH
2012,5,17,Christi Himmelfahrt,BW-BY-B-BB-HB-HH-HE-MV-NI-NW-RP-SL-SN-ST-SH-TH
2012,5,27,Pfingstsonntag,BW-BY-B-BB-HB-HH-HE-MV-NI-NW-RP-SL-SN-ST-SH-TH
2012,5,28,Pfingstmontag,BW-BY-B-BB-HB-HH-HE-MV-NI-NW-RP-SL-SN-ST-SH-TH
2012,6,7,Fronleichnam,BW-BY-NW-SL
2012,8,15,Maria Himmelfahrt,BY-SL
2012,10,3,Tag der deutschen Einheit,BW-BY-B-BB-HB-HH-HE-MV-NI-NW-RP-SL-SN-ST-SH-TH
2012,10,31,Reformationstag,BB-HB-HH-MV-NI-SN-ST-SH-TH
2012,11,1,Allerheiligen,BW-BY-NW-RP-SL
2012,11,21,Buß- und Bettag,SN
2012,12,25,1. Weihnachtstag,BW-BY-B-BB-HB-HH-HE-MV-NI-NW-RP-SL-SN-ST-SH-TH
2012,12,26,2. Weihnachtstag,BW-BY-B-BB-HB-HH-HE-MV-NI-NW-RP-SL-SN-ST-SH-TH
2013,1,1,Neujahr,BW-BY-B-BB-HB-HH-HE-MV-NI-NW-RP-SL-SN-ST-SH-TH
2013,1,6,Heilige Drei Könige,BW-BY-ST
2013,3,29,Karfreitag,BW-BY-B-BB-HB-HH-HE-MV-NI-NW-RP-SL-SN-ST-SH-TH
2013,3,31,Ostersonntag,BW-BY-B-BB-HB-HH-HE-MV-NI-NW-RP-SL-SN-ST-SH-TH
2013,4,1,Ostermontag,BW-BY-B-BB-HB-HH-HE-MV-NI-NW-RP-SL-SN-ST-SH-TH
2013,5,1,Tag der Arbeit,BW-BY-B-BB-HB-HH-HE-MV-NI-NW-RP-SL-SN-ST-SH-TH
2013,5,9,Christi Himmelfahrt,BW-BY-B-BB-HB-HH-HE-MV-NI-NW-RP-SL-SN-ST-SH-TH
2013,5,19,Pfingstsonntag,BW-BY-B-BB-HB-HH-HE-MV-NI-NW-RP-SL-SN-ST-SH-TH
2013,5,20,Pfingstmontag,BW-BY-B-BB-HB-HH-HE-MV-NI-NW-RP-SL-SN-ST-SH-TH
2013,5,30,Fronleichnam,BW-BY-NW-SL
2013,8,15,Maria Himmelfahrt,BY-SL
2013,10,3,Tag der deutschen Einheit,BW-BY-B-BB-HB-HH-HE-MV-NI-NW-RP-SL-SN-ST-SH-TH
2013,10,31,Reformationstag,BB-HB-HH-MV-NI-SN-ST-SH-TH
2013,11,1,Allerheiligen,BW-BY-NW-RP-SL
2013,11,20,Buß- und Bettag,SN
2013,12,25,1. Weihnachtstag,BW-BY-B-BB-HB-HH-HE-MV-NI-NW-RP-SL-SN-ST-SH-TH
2013,12,26,2. Weihnachtstag,BW-BY-B-BB-HB-HH-HE-MV-NI-NW-RP-SL-SN-ST-SH-TH
2014,1,1,Neujahr,BW-BY-B-BB-HB-HH-HE-MV-NI-NW-RP-SL-SN-ST-SH-TH
2014,1,6,Heilige Drei Könige,BW-BY-ST
2014,4,18,Karfreitag,BW-BY-B-BB-HB-HH-HE-MV-NI-NW-RP-SL-SN-ST-SH-TH
2014,4,20,Ostersonntag,BW-BY-B-BB-HB-HH-HE-MV-NI-NW-RP-SL-SN-ST-SH-TH
2014,4,21,Ostermontag,BW-BY-B-BB-HB-HH-HE-MV-NI-NW-RP-SL-SN-ST-SH-TH
2014,5,1,Tag der Arbeit,BW-BY-B-BB-HB-HH-HE-MV-NI-NW-RP-SL-SN-ST-SH-TH
2014,5,29,Christi Himmelfahrt,BW-BY-B-BB-HB-HH-HE-MV-NI-NW-RP-SL-SN-ST-SH-TH
2014,6,8,Pfingstsonntag,BW-BY-B-BB-HB-HH-HE-MV-NI-NW-RP-SL-SN-ST-SH-TH
2014,6,9,Pfingstmontag,BW-BY-B-BB-HB-HH-HE-MV-NI-NW-RP-SL-SN-ST-SH-TH
2014,6,19,Fronleichnam,BW-BY-NW-SL
2014,8,15,Maria Himmelfahrt,BY-SL
2014,10,3,Tag der deutschen Einheit,BW-BY-B-BB-HB-HH-HE-MV-NI-NW-RP-SL-SN-ST-SH-TH
2014,10,31,Reformationstag,BB-HB-HH-MV-NI-SN-ST-SH-TH
2014,11,1,Allerheiligen,BW-BY-NW-RP-SL
2014,11,19,Buß- und Bettag,SN
2014,12,25,1. Weihnachtstag,BW-BY-B-BB-HB-HH-HE-MV-NI-NW-RP-SL-SN-ST-SH-TH
2014,12,26,2. Weihnachtstag,BW-BY-B-BB-HB-HH-HE-MV-NI-NW-RP-SL-SN-ST-SH-TH
2015,1,1,Neujahr,BW-BY-B-BB-HB-HH-HE-MV-NI-NW-RP-SL-SN-ST-SH-TH
2015,1,6,Heilige Drei Könige,BW-BY-ST
2015,4,3,Karfreitag,BW-BY-B-BB-HB-HH-HE-MV-NI-NW-RP-SL-SN-ST-SH-TH
2015,4,5,Ostersonntag,BW-BY-B-BB-HB-HH-HE-MV-NI-NW-RP-SL-SN-ST-SH-TH
2015,4,6,Ostermontag,BW-BY-B-BB-HB-HH-HE-MV-NI-NW-RP-SL-SN-ST-SH-TH
2015,5,1,Tag der Arbeit,BW-BY-B-BB-HB-HH-HE-MV-NI-NW-RP-SL-SN-ST-SH-TH
2015,5,14,Christi Himmelfahrt,BW-BY-B-BB-HB-HH-HE-MV-NI-NW-RP-SL-SN-ST-SH-TH
2015,5,24,Pfingstsonntag,BW-BY-B-BB-HB-HH-HE-MV-NI-NW-RP-SL-SN-ST-SH-TH
2015,5,25,Pfingstmontag,BW-BY-B-BB-HB-HH-HE-MV-NI-NW-RP-SL-SN-ST-SH-TH
2015,6,4,Fronleichnam,BW-BY-NW-SL
2015,8,15,Maria Himmelfahrt,BY-SL
2015,10,3,Tag der deutschen Einheit,BW-BY-B-BB-HB-HH-HE-MV-NI-NW-RP-SL-SN-ST-SH-TH
2015,10,31,Reformationstag,BB-HB-HH-MV-NI-SN-ST-SH-TH
2015,11,1,Allerheiligen,BW-BY-NW-RP-SL
2015,11,18,Buß- und Bettag,SN
2015,12,25,1. Weihnachtstag,BW-BY-B-BB-HB-HH-HE-MV-NI-NW-RP-SL-SN-ST-SH-TH
2015,12,26,2. Weihnachtstag,BW-BY-B-BB-HB-HH-HE-MV-NI-NW-RP-SL-SN-ST-SH-TH
2016,1,1,Neujahr,BW-BY-B-BB-HB-HH-HE-MV-NI-NW-RP-SL-SN-ST-SH-TH
2016,1,6,Heilige Drei Könige,BW-BY-ST
2016,3,25,Karfreitag,BW-BY-B-BB-HB-HH-HE-MV-NI-NW-RP-SL-SN-ST-SH-TH
2016,3,27,Ostersonntag,BW-BY-B-BB-HB-HH-HE-MV-NI-NW-RP-SL-SN-ST-SH-TH
2016,3,28,Ostermontag,BW-BY-B-BB-HB-HH-HE-MV-NI-NW-RP-SL-SN-ST-SH-TH
2016,5,1,Tag der Arbeit,BW-BY-B-BB-HB-HH-HE-MV-NI-NW-RP-SL-SN-ST-SH-TH
2016,5,5,Christi Himmelfahrt,BW-BY-B-BB-HB-HH-HE-MV-NI-NW-RP-SL-SN-ST-SH-TH
2016,5,15,Pfingstsonntag,BW-BY-B-BB-HB-HH-HE-MV-NI-NW-RP-SL-SN-ST-SH-TH
2016,5,16,Pfingstmontag,BW-BY-B-BB-HB-HH-HE-MV-NI-NW-RP-SL-SN-ST-SH-TH
2016,5,26,Fronleichnam,BW-BY-NW-SL
2016,8,15,Maria Himmelfahrt,BY-SL
2016,10,3,Tag der deutschen Einheit,BW-BY-B-BB-HB-HH-HE-MV-NI-NW-RP-SL-SN-ST-SH-TH
2016,10,31,Reformationstag,BB-HB-HH-MV-NI-SN-ST-SH-TH
2016,11,1,Allerheiligen,BW-BY-NW-RP-SL
2016,11,16,Buß- und Bettag,SN
2016,12,25,1. Weihnachtstag,BW-BY-B-BB-HB-HH-HE-MV-NI-NW-RP-SL-SN-ST-SH-TH
2016,12,26,2. Weihnachtstag,BW-BY-B-BB-HB-HH-HE-MV-NI-NW-RP-SL-SN-ST-SH-TH
2017,1,1,Neujahr,BW-BY-B-BB-HB-HH-HE-MV-NI-NW-RP-SL-SN-ST-SH-TH
2017,1,6,Heilige Drei Könige,BW-BY-ST
2017,4,14,Karfreitag,BW-BY-B-BB-HB-HH-HE-MV-NI-NW-RP-SL-SN-ST-SH-TH
2017,4,16,Ostersonntag,BW-BY-B-BB-HB-HH-HE-MV-NI-NW-RP-SL-SN-ST-SH-TH
2017,4,17,Ostermontag,BW-BY-B-BB-HB-HH-HE-MV-NI-NW-RP-SL-SN-ST-SH-TH
2017,5,1,Tag der Arbeit,BW-BY-B-BB-HB-HH-HE-MV-NI-NW-RP-SL-SN-ST-SH-TH
2017,5,25,Christi Himmelfahrt,BW-BY-B-BB-HB-HH-HE-MV-NI-NW-RP-SL-SN-ST-SH-TH
2017,6,4,Pfingstsonntag,BW-BY-B-BB-HB-HH-HE-MV-NI-NW-RP-SL-SN-ST-SH-TH
2017,6,5,Pfingstmontag,BW-BY-B-BB-HB-HH-HE-MV-NI-NW-RP-SL-SN-ST-SH-TH
2017,6,15,Fronleichnam,BW-BY-NW-SL
2017,8,15,Maria Himmelfahrt,BY-SL
2017,10,3,Tag der deutschen Einheit,BW-BY-B-BB-HB-HH-HE-MV-NI-NW-RP-SL-SN-ST-SH-TH
2017,10,31,Reformationstag,BB-HB-HH-MV-NI-SN-ST-SH-TH
2017,11,1,Allerheiligen,BW-BY-NW-RP-SL
2017,11,22,Buß- und Bettag,SN
2017,12,25,1. Weihnachtstag,BW-BY-B-BB-HB-HH-HE-MV-NI-NW-RP-SL-SN-ST-SH-TH
2017,12,26,2. Weihnachtstag,BW-BY-B-BB-HB-HH-HE-MV-NI-NW-RP-SL-SN-ST-SH-TH
2018,1,1,Neujahr,BW-BY-B-BB-HB-HH-HE-MV-NI-NW-RP-SL-SN-ST-SH-TH
2018,1,6,Heilige Drei Könige,BW-BY-ST
2018,3,30,Karfreitag,BW-BY-B-BB-HB-HH-HE-MV-NI-NW-RP-SL-SN-ST-SH-TH
2018,4,1,Ostersonntag,BW-BY-B-BB-HB-HH-HE-MV-NI-NW-RP-SL-SN-ST-SH-TH
2018,4,2,Ostermontag,BW-BY-B-BB-HB-HH-HE-MV-NI-NW-RP-SL-SN-ST-SH-TH
2018,5,1,Tag der Arbeit,BW-BY-B-BB-HB-HH-HE-MV-NI-NW-RP-SL-SN-ST-SH-TH
2018,5,10,Christi Himmelfahrt,BW-BY-B-BB-HB-HH-HE-MV-NI-NW-RP-SL-SN-ST-SH-TH
2018,5,20,Pfingstsonntag,BW-BY-B-BB-HB-HH-HE-MV-NI-NW-RP-SL-SN-ST-SH-TH
2018,5,21,Pfingstmontag,BW-BY-B-BB-HB-HH-HE-MV-NI-NW-RP-SL-SN-ST-SH-TH
2018,5,31,Fronleichnam,BW-BY-NW-SL
2018,8,15,Maria Himmelfahrt,BY-SL
2018,10,3,Tag der deutschen Einheit,BW-BY-B-BB-HB-HH-HE-MV-NI-NW-RP-SL-SN-ST-SH-TH
2018,10,31,Reformationstag,BB-HB-HH-MV-NI-SN-ST-SH-TH
2018,11,1,Allerheiligen,BW-BY-NW-RP-SL
2018,11,21,Buß- und Bettag,SN
2018,12,25,1. Weihnachtstag,BW-BY-B-BB-HB-HH-HE-MV-NI-NW-RP-SL-SN-ST-SH-TH
2018,12,26,2. Weihnachtstag,BW-BY-B-BB-HB-HH-HE-MV-NI-NW-RP-SL-SN-ST-SH-TH
2019,1,1,Neujahr,BW-BY-B-BB-HB-HH-HE-MV-NI-NW-RP-SL-SN-ST-SH-TH
2019,1,6,Heilige Drei Könige,BW-BY-ST
2019,3,8,Frauentag,B
2019,4,19,Karfreitag,BW-BY-B-BB-HB-HH-HE-MV-NI-NW-RP-SL-SN-ST-SH-TH
2019,4,21,Ostersonntag,BW-BY-B-BB-HB-HH-HE-MV-NI-NW-RP-SL-SN-ST-SH-TH
2019,4,22,Ostermontag,BW-BY-B-BB-HB-HH-HE-MV-NI-NW-RP-SL-SN-ST-SH-TH
2019,5,1,Tag der Arbeit,BW-BY-B-BB-HB-HH-HE-MV-NI-NW-RP-SL-SN-ST-SH-TH
2019,5,30,Christi Himmelfahrt,BW-BY-B-BB-HB-HH-HE-MV-NI-NW-RP-SL-SN-ST-SH-TH
2019,6,9,Pfingstsonntag,BW-BY-B-BB-HB-HH-HE-MV-NI-NW-RP-SL-SN-ST-SH-TH
2019,6,10,Pfingstmontag,BW-BY-B-BB-HB-HH-HE-MV-NI-NW-RP-SL-SN-ST-SH-TH
2019,6,20,Fronleichnam,BW-BY-NW-SL
2019,8,15,Maria Himmelfahrt,BY-SL
2019,9,20,Weltkindertag,TH
2019,10,3,Tag der deutschen Einheit,BW-BY-B-BB-HB-HH-HE-MV-NI-NW-RP-SL-SN-ST-SH-TH
2019,10,31,Reformationstag,BB-HB-HH-MV-NI-SN-ST-SH-TH
2019,11,1,Allerheiligen,BW-BY-NW-RP-SL
2019,11,20,Buß- und Bettag,SN
2019,12,25,1. Weihnachtstag,BW-BY-B-BB-HB-HH-HE-MV-NI-NW-RP-SL-SN-ST-SH-TH
2019,12,26,2. Weihnachtstag,BW-BY-B-BB-HB-HH-HE-MV-NI-NW-RP-SL-SN-ST-SH-TH
