description,filename,path,license,source,reference
potential area pv agriculture lfa off,2021-05-18_pv_agriculture_brandenburg_kreise_epsg32633.csv,./area_potential,ODbL v1.0,https://zenodo.org/record/6728382,
potential area pv road railway 200m,2021-05-18_pv_road_railway_brandenburg_kreise_epsg32633.csv,./area_potential,ODbL v1.0,https://zenodo.org/record/6728382,
potential area wind settlement 1000m,2021-05-18_wind_brandenburg_kreise_epsg32633.csv,./area_potential,ODbL v1.0,https://zenodo.org/record/6728382,
base capacities of technologies,capacities.csv,./scalars,ODbL v1.0,,own assumption/RLI studies for transmission capacities
carrier costs,carrier_costs.csv,./scalars,ODbL v1.0,,own assumption
costs efficiencies,costs_efficiencies.csv,raw/scalars,see metadata,multiple references in file,
demands Berlin Brandenburg,demands.csv,raw/scalars,see metadata,multiple references in file,
electricity and gas constraint,el_gas_constraint.csv,raw/scalars,see metadata,multiple references in file,
emission constraint,emission_constraint.csv,raw/scalars,see metadata,multiple references in file,
import and export prices of energy carriers,import_export_prices.csv,raw/scalars,see metadata,multiple references in file,
capacity potentials for technologies,potentials.csv,raw/scalars,see metadata,multiple references in file,
time series vehicle charging Berlin 2015,res_SimBEV_Berlin_2015.csv,./time_series/vehicle_charging,AGPL-3.0 license  ,https://github.com/rl-institut/simbev,
time series vehicle charging Berlin 2017,res_SimBEV_Berlin_2017.csv,./time_series/vehicle_charging,AGPL-3.0 license  ,https://github.com/rl-institut/simbev,
time series vehicle charging Berlin 2019,res_SimBEV_Berlin_2019.csv,./time_series/vehicle_charging,AGPL-3.0 license  ,https://github.com/rl-institut/simbev,
time series vehicle charging Brandenburg 2015,res_SimBEV_Brandenburg_2015.csv,./time_series/vehicle_charging,AGPL-3.0 license  ,https://github.com/rl-institut/simbev,
time series vehicle charging Brandenburg 2017,res_SimBEV_Brandenburg_2017.csv,./time_series/vehicle_charging,AGPL-3.0 license  ,https://github.com/rl-institut/simbev,
availability of hydro power plants,DIW_Hydro_availability.csv,./time_series,CC BY 4.0,https://zenodo.org/record/1044463, 
pv hourly capacity factor nuts 2,ninja_pv_country_DE_merra-2_nuts-2_corrected.csv,./time_series,CC BY-NC 4.0,https://www.renewables.ninja/country_downloads/DE/ninja_pv_country_DE_merra-2_nuts-2_corrected.csv,https://doi.org/10.1016/j.energy.2016.08.060
wind hourly capacity factor nuts 2,ninja_wind_country_DE_current_merra-2_nuts-2_corrected.csv,./time_series,CC BY-NC 4.0,https://www.renewables.ninja/country_downloads/DE/ninja_wind_country_DE_current_merra-2_nuts-2_corrected.csv,https://doi.org/10.1016/j.energy.2019.08.060
Data Set: Electricity and Heat and Gas Sector,reference_data_set-v1.0.0.xlsx,./time_series,see metadata,https://doi.org/10.5281/zenodo.1044463 ,
ch4 load profile,ts_load_ch4.csv,./time_series,ODbL v1.0,own assumption for constant profile,
h2 load profile,ts_load_h2.csv,./time_series,ODbL v1.0,own assumption for constant profile,
weather data,weatherdata_*.csv,./weather_data,CC BY 4.0,https://cds.climate.copernicus.eu,
Berlin Brandenburg regions,b3_regions.yaml,raw,ODbL v1.0,,own assumption
boundaries germany,boundaries_germany_nuts3.gpkg,raw,dl-de/by-2-0,https://gdz.bkg.bund.de/index.php/default/wms-verwaltungsgebiete-1-250-000-stand-01-01-wms-vg250.html,
building class,building_class.csv,raw,see metadata,https://www.eko-netz.de/files/eko-netz/download/3.5_standardlastprofile_bgw_information_lastprofile.pdf,
conventional power plants in Germany,conventional_power_plants_DE.csv,raw,see metadata,https://data.open-power-system-data.org/conventional_power_plants/2020-10-01,
distribution of households in Germany,distribution_household.csv,raw,dl-de/by-2-0,http://www.statistikportal.de/de/bevoelkerung/haushalte,
holidays,holidays.csv,raw,CC-by-sa-3.0,https://de.wikipedia.org/wiki/Gesetzliche_Feiertage_in_Deutschland,
NUTS id table Brandenburg,lookup_table_brandenburg_kreise.csv,raw,CC BY 4.0,,own assumption
methanation scalars,scalars_methanation.csv,raw,unknown,UMAS Project and own assumptions,
