id_scal;scenario_key;name;var_name;carrier;region;tech;type;var_value;var_unit;source;comment
0;2050-methanation;B-h2-methanation;availability;h2;B;methanation;methanation;1;None;;
1;2050-methanation;B-h2-methanation;capacity_charge;h2;B;methanation;methanation;2.8;MW;;
2;2050-methanation;B-h2-methanation;capacity_discharge;h2;B;methanation;methanation;7.7;MW;;
3;2050-methanation;B-h2-methanation;efficiency_charge;h2;B;methanation;methanation;1;None;;
4;2050-methanation;B-h2-methanation;efficiency_discharge;h2;B;methanation;methanation;1;None;;
5;2050-methanation;B-h2-methanation;efficiency_methanation;h2;B;methanation;methanation;0.7;None;;
6;2050-methanation;B-h2-methanation;input_parameters;h2;B;methanation;methanation;{};None;;
7;2050-methanation;B-h2-methanation;marginal_cost;h2;B;methanation;methanation;1E-05;Eur/MWh;;
8;2050-methanation;B-h2-methanation;methanation_option;h2;B;methanation;methanation;no_constraints;None;;
9;2050-methanation;B-h2-methanation;methanation_rate;h2;B;methanation;methanation;2;MW;;
10;2050-methanation;B-h2-methanation;storage_capacity_educts;h2;B;methanation;methanation;24000;MWh;;
11;2050-methanation;B-h2-methanation;storage_capacity_products;h2;B;methanation;methanation;110000;MWh;;
12;2050-methanation;BB-h2-methanation;availability;h2;BB;methanation;methanation;1;None;;
13;2050-methanation;BB-h2-methanation;capacity_charge;h2;BB;methanation;methanation;0;MW;;
14;2050-methanation;BB-h2-methanation;capacity_discharge;h2;BB;methanation;methanation;0;MW;;
15;2050-methanation;BB-h2-methanation;efficiency_charge;h2;BB;methanation;methanation;1;None;;
16;2050-methanation;BB-h2-methanation;efficiency_discharge;h2;BB;methanation;methanation;1;None;;
17;2050-methanation;BB-h2-methanation;efficiency_methanation;h2;BB;methanation;methanation;0.7;None;;
18;2050-methanation;BB-h2-methanation;input_parameters;h2;BB;methanation;methanation;{};None;;
19;2050-methanation;BB-h2-methanation;marginal_cost;h2;BB;methanation;methanation;1E-05;Eur/MWh;;
20;2050-methanation;BB-h2-methanation;methanation_option;h2;BB;methanation;methanation;no_constraints;None;;
21;2050-methanation;BB-h2-methanation;methanation_rate;h2;BB;methanation;methanation;2;MW;;
22;2050-methanation;BB-h2-methanation;storage_capacity_educts;h2;BB;methanation;methanation;0;MWh;;
23;2050-methanation;BB-h2-methanation;storage_capacity_products;h2;BB;methanation;methanation;0;MWh;;
24;2040-methanation;;storage_capacity_cost_overnight;ch4;;storage;storage;22150744;Eur/MWh;;
25;2040-methanation;;storage_fixom_cost;ch4;;storage;storage;2906977;Eur/MWh;;
26;2040-methanation;;lifetime;ch4;;storage;storage;40;a;;
27;2050-methanation;;storage_capacity_cost_overnight;ch4;;storage;storage;25055881;Eur/MWh;;
28;2050-methanation;;storage_fixom_cost;ch4;;storage;storage;3536647;Eur/MWh;;
29;2050-methanation;;lifetime;ch4;;storage;storage;40;a;;
30;2040-methanation;;capacity_cost_overnight;electricity;;electrolyzer;conversion;796376;Eur/MW;;
31;2040-methanation;;fixom_cost;electricity;;electrolyzer;conversion;31855;Eur/MW;;
32;2040-methanation;;lifetime;electricity;;electrolyzer;conversion;20;a;;
33;2050-methanation;;capacity_cost_overnight;electricity;;electrolyzer;conversion;644133;Eur/MW;;
34;2050-methanation;;fixom_cost;electricity;;electrolyzer;conversion;25765;Eur/MW;;
35;2050-methanation;;lifetime;electricity;;electrolyzer;conversion;20;a;;
36;2040-methanation;;capacity_cost_overnight;electricity;;plasmalyzer_1MW;conversion;1491341;Eur/MW;;
37;2040-methanation;;fixom_cost;electricity;;plasmalyzer_1MW;conversion;29827;Eur/MW;;
38;2040-methanation;;lifetime;electricity;;plasmalyzer_1MW;conversion;15;a;;
39;2050-methanation;;capacity_cost_overnight;electricity;;plasmalyzer_1MW;conversion;1206242;Eur/MW;;
40;2050-methanation;;fixom_cost;electricity;;plasmalyzer_1MW;conversion;24125;Eur/MW;;
41;2050-methanation;;lifetime;electricity;;plasmalyzer_1MW;conversion;15;a;;
42;2040-methanation;;capacity_cost_overnight;electricity;;plasmalyzer_5MW;conversion;5965363;Eur/MW;;
43;2040-methanation;;fixom_cost;electricity;;plasmalyzer_5MW;conversion;119307;Eur/MW;;
44;2040-methanation;;lifetime;electricity;;plasmalyzer_5MW;conversion;15;a;;
45;2050-methanation;;capacity_cost_overnight;electricity;;plasmalyzer_5MW;conversion;4824969;Eur/MW;;
46;2050-methanation;;fixom_cost;electricity;;plasmalyzer_5MW;conversion;96499;Eur/MW;;
47;2050-methanation;;lifetime;electricity;;plasmalyzer_5MW;conversion;15;a;;
48;2050-methanation;;wacc;ALL;ALL;ALL;ALL;0.04;None;;
49;2040-methanation;;wacc;ALL;ALL;ALL;ALL;0.04;None;;
50;2050-methanation;B-h2-methanation;nonconvex;h2;B;methanation;methanation;TRUE;None;;
51;2040-methanation;B-h2-methanation;nonconvex;h2;B;methanation;methanation;TRUE;None;;
